Date,Open,Close,High,Low,Volume
2014-01-02,,58.21,,,15640000.0
2014-01-03,,58.66,,,14220000.0
2014-01-06,,59.0,,,17560000.0
2014-01-07,,58.32,,,17870000.0
2014-01-08,,58.87,,,14690000.0
2014-01-09,,58.76,,,13250000.0
2014-01-10,,58.49,,,12700000.0
2014-01-13,,57.7,,,20770000.0
2014-01-14,,57.74,,,30320000.0
2014-01-15,,59.49,,,35220000.0
2014-01-16,,58.99,,,21690000.0
2014-01-17,,58.11,,,21060000.0
2014-01-21,,58.17,,,19560000.0
2014-01-22,,57.59,,,15480000.0
2014-01-23,,56.47,,,26240000.0
2014-01-24,,55.09,,,27110000.0
2014-01-27,,55.09,,,23940000.0
2014-01-28,,55.74,,,18060000.0
2014-01-29,,55.53,,,25470000.0
2014-01-30,,56.0,,,17060000.0
2014-01-31,,55.36,,,18200000.0
2014-02-03,,54.31,,,28570000.0
2014-02-04,,54.95,,,20780000.0
2014-02-05,,55.21,,,19500000.0
2014-02-06,,56.48,,,20920000.0
2014-02-07,,56.62,,,25070000.0
2014-02-10,,56.74,,,14730000.0
2014-02-11,,57.43,,,18820000.0
2014-02-12,,57.52,,,13450000.0
2014-02-13,,58.03,,,16610000.0
2014-02-14,,58.15,,,13190000.0
2014-02-18,,58.49,,,14990000.0
2014-02-19,,57.26,,,18690000.0
2014-02-20,,57.58,,,12460000.0
2014-02-21,,57.61,,,16790000.0
2014-02-24,,58.03,,,16210000.0
2014-02-25,,57.03,,,18000000.0
2014-02-26,,56.75,,,23670000.0
2014-02-27,,56.69,,,16290000.0
2014-02-28,,56.82,,,18600000.0
2014-03-03,,56.21,,,19150000.0
2014-03-04,,57.26,,,17170000.0
2014-03-05,,58.16,,,17760000.0
2014-03-06,,58.9,,,19430000.0
2014-03-07,,59.4,,,18620000.0
2014-03-10,,59.2,,,16970000.0
2014-03-11,,58.19,,,19440000.0
2014-03-12,,57.92,,,17940000.0
2014-03-13,,57.42,,,17190000.0
2014-03-14,,56.8,,,18640000.0
2014-03-17,,57.58,,,13590000.0
2014-03-18,,58.06,,,12550000.0
2014-03-19,,58.3,,,21450000.0
2014-03-20,,60.11,,,33740000.0
2014-03-21,,60.17,,,35150000.0
2014-03-24,,61.07,,,25810000.0
2014-03-25,,60.93,,,24050000.0
2014-03-26,,59.9,,,22750000.0
2014-03-27,,59.92,,,24630000.0
2014-03-28,,60.04,,,14710000.0
2014-03-31,,60.71,,,15220000.0
2014-04-01,,60.67,,,14590000.0
2014-04-02,,60.48,,,14010000.0
2014-04-03,,60.66,,,11930000.0
2014-04-04,,59.81,,,16970000.0
2014-04-07,,59.0,,,18690000.0
2014-04-08,,58.85,,,16960000.0
2014-04-09,,59.27,,,15310000.0
2014-04-10,,57.4,,,29980000.0
2014-04-11,,55.3,,,47250000.0
2014-04-14,,54.96,,,31080000.0
2014-04-15,,54.8,,,26690000.0
2014-04-16,,55.26,,,27050000.0
2014-04-17,,55.22,,,17960000.0
2014-04-21,,55.03,,,12380000.0
2014-04-22,,55.81,,,16270000.0
2014-04-23,,56.05,,,11380000.0
2014-04-24,,56.19,,,15370000.0
2014-04-25,,55.7,,,15940000.0
2014-04-28,,55.49,,,21390000.0
2014-04-29,,56.1,,,13450000.0
2014-04-30,,55.98,,,14390000.0
2014-05-01,,55.72,,,12740000.0
2014-05-02,,55.58,,,15150000.0
2014-05-05,,54.22,,,25240000.0
2014-05-06,,53.34,,,25330000.0
2014-05-07,,54.05,,,18500000.0
2014-05-08,,54.36,,,16090000.0
2014-05-09,,54.01,,,12370000.0
2014-05-12,,54.65,,,12830000.0
2014-05-13,,54.62,,,12310000.0
2014-05-14,,54.36,,,10330000.0
2014-05-15,,53.51,,,19760000.0
2014-05-16,,53.31,,,19990000.0
2014-05-19,,53.83,,,12070000.0
2014-05-20,,53.72,,,16890000.0
2014-05-21,,54.12,,,13210000.0
2014-05-22,,54.55,,,11800000.0
2014-05-23,,54.53,,,10880000.0
2014-05-27,,55.14,,,14500000.0
2014-05-28,,55.45,,,11370000.0
2014-05-29,,55.72,,,11740000.0
2014-05-30,,55.57,,,11990000.0
2014-06-02,,55.35,,,9440000.0
2014-06-03,,55.6,,,9130000.0
2014-06-04,,55.68,,,9730000.0
2014-06-05,,56.63,,,16800000.0
2014-06-06,,56.97,,,15400000.0
2014-06-09,,57.42,,,12000000.0
2014-06-10,,57.9,,,11610000.0
2014-06-11,,57.27,,,14230000.0
2014-06-12,,57.04,,,11680000.0
2014-06-13,,57.04,,,12040000.0
2014-06-16,,56.87,,,11200000.0
2014-06-17,,57.42,,,11200000.0
2014-06-18,,57.78,,,13740000.0
2014-06-19,,57.3,,,11620000.0
2014-06-20,,57.55,,,17130000.0
2014-06-23,,58.19,,,16010000.000000002
2014-06-24,,57.42,,,12320000.0
2014-06-25,,57.53,,,14840000.0
2014-06-26,,57.39,,,11850000.0
2014-06-27,,57.53,,,10180000.0
2014-06-30,,57.62,,,11550000.0
2014-07-01,,57.57,,,14470000.0
2014-07-02,,56.97,,,19200000.0
2014-07-03,,57.05,,,12600000.0
2014-07-07,,56.67,,,13920000.0
2014-07-08,,55.76,,,18350000.0
2014-07-09,,56.02,,,10910000.0
2014-07-10,,55.56,,,12440000.0
2014-07-11,,55.8,,,10240000.0
2014-07-14,,56.29,,,14010000.0
2014-07-15,,58.27,,,36220000.0
2014-07-16,,58.71,,,20520000.0
2014-07-17,,57.86,,,17020000.0
2014-07-18,,58.23,,,12800000.0
2014-07-21,,58.24,,,9150000.0
2014-07-22,,58.67,,,10380000.0
2014-07-23,,59.0,,,11120000.0
2014-07-24,,59.17,,,9840000.0
2014-07-25,,59.01,,,10500000.0
2014-07-28,,59.19,,,12380000.0
2014-07-29,,58.64,,,13500000.0
2014-07-30,,58.91,,,11820000.0
2014-07-31,,57.67,,,15960000.0
2014-08-01,,56.48,,,23920000.0
2014-08-04,,56.65,,,13550000.0
2014-08-05,,56.06,,,16860000.0
2014-08-06,,56.23,,,12190000.0
2014-08-07,,55.91,,,11740000.0
2014-08-08,,56.34,,,12210000.0
2014-08-11,,56.32,,,9070000.0
2014-08-12,,56.35,,,11290000.0
2014-08-13,,56.72,,,7020000.0
2014-08-14,,56.98,,,8279999.999999999
2014-08-15,,56.75,,,12730000.0
2014-08-18,,57.23,,,8880000.0
2014-08-19,,57.56,,,9040000.0
2014-08-20,,57.64,,,8119999.999999999
2014-08-21,,58.5,,,12750000.0
2014-08-22,,58.49,,,10230000.0
2014-08-25,,59.34,,,14000000.0
2014-08-26,,59.74,,,10280000.0
2014-08-27,,59.59,,,11410000.0
2014-08-28,,59.16,,,9100000.0
2014-08-29,,59.45,,,8900000.0
2014-09-02,,59.67,,,8680000.0
2014-09-03,,59.7,,,11790000.0
2014-09-04,,59.71,,,9810000.0
2014-09-05,,59.91,,,9600000.0
2014-09-08,,59.89,,,8090000.0
2014-09-09,,59.06,,,14870000.0
2014-09-10,,59.22,,,9160000.0
2014-09-11,,59.76,,,11470000.0
2014-09-12,,60.03,,,14370000.0
2014-09-15,,59.94,,,10690000.0
2014-09-16,,59.99,,,10950000.0
2014-09-17,,60.31,,,15090000.0
2014-09-18,,61.32,,,16970000.0
2014-09-19,,61.11,,,18740000.0
2014-09-22,,60.91,,,13230000.0
2014-09-23,,60.94,,,14340000.0
2014-09-24,,61.63,,,13730000.0
2014-09-25,,60.15,,,16350000.000000002
2014-09-26,,60.56,,,11950000.0
2014-09-29,,60.33,,,10690000.0
2014-09-30,,60.24,,,14380000.0
2014-10-01,,59.77,,,19000000.0
2014-10-02,,58.84,,,24560000.0
2014-10-03,,60.3,,,18320000.0
2014-10-06,,60.18,,,11580000.0
2014-10-07,,59.27,,,14540000.0
2014-10-08,,60.4,,,15830000.0
2014-10-09,,59.08,,,19190000.0
2014-10-10,,58.52,,,16690000.000000002
2014-10-13,,58.16,,,17170000.0
2014-10-14,,57.99,,,29100000.0
2014-10-15,,55.53,,,37870000.0
2014-10-16,,55.08,,,31970000.0
2014-10-17,,56.2,,,20180000.0
2014-10-20,,56.63,,,10810000.0
2014-10-21,,57.93,,,14020000.0
2014-10-22,,57.45,,,13750000.0
2014-10-23,,58.06,,,12640000.0
2014-10-24,,58.74,,,13760000.0
2014-10-27,,58.64,,,11090000.0
2014-10-28,,59.63,,,13630000.0
2014-10-29,,59.29,,,16719999.999999998
2014-10-30,,59.39,,,14710000.0
2014-10-31,,60.48,,,18350000.0
2014-11-03,,60.88,,,11850000.0
2014-11-04,,60.25,,,15300000.0
2014-11-05,,61.15,,,14060000.0
2014-11-06,,61.23,,,10420000.0
2014-11-07,,61.47,,,12380000.0
2014-11-10,,61.93,,,10800000.0
2014-11-11,,61.37,,,12540000.0
2014-11-12,,60.56,,,17220000.0
2014-11-13,,60.23,,,12240000.0
2014-11-14,,60.28,,,6800000.0
2014-11-17,,60.38,,,9020000.0
2014-11-18,,60.53,,,8900000.0
2014-11-19,,60.6,,,9210000.0
2014-11-20,,60.12,,,10920000.0
2014-11-21,,60.45,,,12340000.0
2014-11-24,,60.96,,,8340000.0
2014-11-25,,60.3,,,14800000.0
2014-11-26,,60.34,,,7630000.0
2014-11-28,,60.16,,,6760000.0
2014-12-01,,60.0,,,12770000.0
2014-12-02,,61.08,,,12550000.0
2014-12-03,,61.54,,,12120000.0
2014-12-04,,61.38,,,11540000.0
2014-12-05,,62.7,,,20070000.0
2014-12-08,,62.67,,,15540000.0
2014-12-09,,62.45,,,19680000.0
2014-12-10,,60.68,,,29620000.0
2014-12-11,,61.14,,,16890000.0
2014-12-12,,60.04,,,17410000.0
2014-12-15,,59.16,,,19210000.0
2014-12-16,,58.43,,,20710000.0
2014-12-17,,59.77,,,17860000.0
2014-12-18,,61.48,,,18170000.0
2014-12-19,,61.93,,,22760000.0
2014-12-22,,61.94,,,17070000.0
2014-12-23,,62.48,,,13550000.0
2014-12-24,,62.48,,,7420000.0
2014-12-26,,62.55,,,6090000.0
2014-12-29,,62.96,,,10600000.0
2014-12-30,,63.15,,,7520000.0
2014-12-31,,62.58,,,18530000.0
2015-01-02,,62.49,,,12600000.0
2015-01-05,,60.55,,,20100000.0
2015-01-06,,58.98,,,29070000.0
2015-01-07,,59.07,,,23840000.0
2015-01-08,,60.39,,,16970000.0
2015-01-09,,59.34,,,15400000.0
2015-01-12,,58.83,,,15460000.0
2015-01-13,,58.84,,,21640000.0
2015-01-14,,56.81,,,49600000.0
2015-01-15,,54.99,,,42460000.0
2015-01-16,,55.93,,,29370000.0
2015-01-20,,55.71,,,23480000.0
2015-01-21,,55.89,,,21840000.0
2015-01-22,,57.59,,,31420000.0
2015-01-23,,56.68,,,15460000.0
2015-01-26,,56.77,,,12580000.0
2015-01-27,,56.2,,,15220000.0
2015-01-28,,54.75,,,24350000.0
2015-01-29,,55.67,,,20390000.0
2015-01-30,,54.38,,,26940000.0
2015-02-02,,55.47,,,20310000.0
2015-02-03,,56.72,,,18810000.0
2015-02-04,,56.38,,,14930000.0
2015-02-05,,56.77,,,11290000.0
2015-02-06,,57.89,,,25210000.0
2015-02-09,,57.82,,,14370000.0
2015-02-10,,58.46,,,16370000.000000002
2015-02-11,,58.37,,,13060000.0
2015-02-12,,59.57,,,23210000.0
2015-02-13,,59.67,,,16480000.0
2015-02-17,,60.1,,,15310000.0
2015-02-18,,59.37,,,14280000.0
2015-02-19,,59.23,,,11260000.0
2015-02-20,,59.8,,,15380000.0
2015-02-23,,59.35,,,16810000.0
2015-02-24,,60.82,,,22940000.0
2015-02-25,,61.14,,,18310000.0
2015-02-26,,61.58,,,15440000.0
2015-02-27,,61.28,,,15230000.0
2015-03-02,,61.77,,,13050000.0
2015-03-03,,61.97,,,13710000.0
2015-03-04,,62.13,,,16629999.999999998
2015-03-05,,62.0,,,10930000.0
2015-03-06,,60.89,,,22720000.0
2015-03-09,,61.5,,,13000000.0
2015-03-10,,59.96,,,16360000.0
2015-03-11,,60.24,,,13020000.0
2015-03-12,,61.37,,,18160000.0
2015-03-13,,61.0,,,16510000.000000002
2015-03-16,,61.85,,,15180000.0
2015-03-17,,61.61,,,11720000.0
2015-03-18,,61.75,,,15700000.0
2015-03-19,,61.2,,,11520000.0
2015-03-20,,61.75,,,18370000.0
2015-03-23,,61.14,,,15110000.0
2015-03-24,,60.46,,,12130000.0
2015-03-25,,59.61,,,14950000.0
2015-03-26,,59.54,,,14040000.0
2015-03-27,,59.55,,,11760000.0
2015-03-30,,60.96,,,20660000.0
2015-03-31,,60.58,,,17350000.0
2015-04-01,,59.95,,,18100000.0
2015-04-02,,60.52,,,12700000.0
2015-04-06,,60.47,,,12030000.0
2015-04-07,,60.85,,,11510000.0
2015-04-08,,61.05,,,11730000.0
2015-04-09,,61.47,,,11730000.0
2015-04-10,,61.7,,,9870000.0
2015-04-13,,62.07,,,15470000.0
2015-04-14,,63.04,,,33780000.0
2015-04-15,,64.21,,,28730000.0
2015-04-16,,63.81,,,16640000.0
2015-04-17,,62.84,,,20220000.0
2015-04-20,,63.24,,,12760000.0
2015-04-21,,62.31,,,14990000.0
2015-04-22,,62.94,,,14480000.0
2015-04-23,,62.8,,,12850000.0
2015-04-24,,62.6,,,9600000.0
2015-04-27,,62.34,,,11150000.0
2015-04-28,,62.76,,,12310000.0
2015-04-29,,63.6,,,17600000.0
2015-04-30,,63.26,,,16840000.0
2015-05-01,,63.61,,,11640000.0
2015-05-04,,64.72,,,14970000.0
2015-05-05,,64.4,,,17690000.0
2015-05-06,,63.92,,,18090000.0
2015-05-07,,64.5,,,15040000.0
2015-05-08,,65.49,,,16800000.0
2015-05-11,,65.45,,,13800000.0
2015-05-12,,65.36,,,12760000.0
2015-05-13,,65.52,,,11870000.0
2015-05-14,,66.05,,,11860000.0
2015-05-15,,65.88,,,11150000.0
2015-05-18,,66.42,,,10510000.0
2015-05-19,,67.01,,,14280000.0
2015-05-20,,66.48,,,12450000.0
2015-05-21,,66.65,,,12930000.0
2015-05-22,,66.47,,,9300000.0
2015-05-26,,65.73,,,15570000.0
2015-05-27,,66.47,,,10960000.0
2015-05-28,,66.2,,,11800000.0
2015-05-29,,65.78,,,14310000.0
2015-06-01,,66.08,,,11900000.0
2015-06-02,,66.02,,,12780000.0
2015-06-03,,66.7,,,12930000.0
2015-06-04,,66.33,,,13860000.0
2015-06-05,,67.42,,,20800000.0
2015-06-08,,66.89,,,14560000.0
2015-06-09,,67.18,,,13260000.0
2015-06-10,,68.26,,,17480000.0
2015-06-11,,68.52,,,13740000.0
2015-06-12,,68.25,,,11800000.0
2015-06-15,,67.99,,,14080000.0
2015-06-16,,68.37,,,11690000.0
2015-06-17,,68.14,,,14520000.0
2015-06-18,,68.78,,,16760000.000000002
2015-06-19,,68.08,,,21610000.0
2015-06-22,,68.96,,,14310000.0
2015-06-23,,69.75,,,15740000.0
2015-06-24,,69.02,,,17000000.0
2015-06-25,,68.65,,,13310000.0
2015-06-26,,68.95,,,14490000.0
2015-06-29,,67.2,,,19930000.0
2015-06-30,,67.76,,,20680000.0
2015-07-01,,68.07,,,13960000.0
2015-07-02,,67.52,,,12820000.0
2015-07-06,,67.33,,,13530000.0
2015-07-07,,66.8,,,22420000.0
2015-07-08,,65.43,,,17710000.0
2015-07-09,,66.11,,,14980000.0
2015-07-10,,67.05,,,12360000.0
2015-07-13,,68.09,,,16180000.0
2015-07-14,,69.04,,,20190000.0
2015-07-15,,69.19,,,16890000.0
2015-07-16,,69.56,,,18040000.0
2015-07-17,,69.21,,,14040000.0
2015-07-20,,69.26,,,11510000.0
2015-07-21,,69.1,,,11660000.0
2015-07-22,,70.08,,,15490000.0
2015-07-23,,69.64,,,14330000.0
2015-07-24,,68.91,,,12410000.0
2015-07-27,,68.01,,,16800000.0
2015-07-28,,68.05,,,14930000.0
2015-07-29,,68.94,,,13060000.0
2015-07-30,,69.04,,,10200000.0
2015-07-31,,68.53,,,11910000.0
2015-08-03,,68.53,,,9980000.0
2015-08-04,,68.46,,,10960000.0
2015-08-05,,68.73,,,11300000.0
2015-08-06,,68.25,,,10800000.0
2015-08-07,,68.05,,,11450000.0
2015-08-10,,68.89,,,12660000.0
2015-08-11,,68.23,,,14800000.0
2015-08-12,,67.24,,,21150000.0
2015-08-13,,67.55,,,11930000.0
2015-08-14,,67.89,,,11250000.0
2015-08-17,,68.07,,,10330000.0
2015-08-18,,68.21,,,10620000.0
2015-08-19,,67.6,,,15200000.0
2015-08-20,,65.94,,,20970000.0
2015-08-21,,63.6,,,28240000.0
2015-08-24,,60.25,,,36340000.0
2015-08-25,,59.91,,,31770000.0
2015-08-26,,62.91,,,33580000.0
2015-08-27,,64.48,,,29050000.0
2015-08-28,,64.13,,,16690000.000000002
2015-08-31,,64.1,,,14220000.0
2015-09-01,,61.45,,,23640000.0
2015-09-02,,62.57,,,17760000.0
2015-09-03,,62.68,,,17070000.0
2015-09-04,,61.5,,,20190000.0
2015-09-08,,63.16,,,13390000.0
2015-09-09,,62.18,,,13890000.0
2015-09-10,,62.66,,,15750000.0
2015-09-11,,62.56,,,12770000.0
2015-09-14,,62.38,,,10200000.0
2015-09-15,,63.58,,,14020000.0
2015-09-16,,64.14,,,12240000.0
2015-09-17,,62.65,,,21250000.0
2015-09-18,,60.94,,,31010000.0
2015-09-21,,61.45,,,13140000.0
2015-09-22,,60.91,,,14810000.0
2015-09-23,,60.64,,,11710000.0
2015-09-24,,60.22,,,17290000.0
2015-09-25,,61.47,,,18380000.0
2015-09-28,,59.98,,,17450000.0
2015-09-29,,59.84,,,19330000.0
2015-09-30,,60.97,,,18740000.0
2015-10-01,,61.42,,,16860000.0
2015-10-02,,60.81,,,20440000.0
2015-10-05,,62.02,,,13470000.0
2015-10-06,,62.05,,,12130000.0
2015-10-07,,62.13,,,12820000.0
2015-10-08,,62.13,,,13960000.0
2015-10-09,,61.93,,,12110000.0
2015-10-12,,61.72,,,10860000.0
2015-10-13,,61.55,,,15620000.0
2015-10-14,,59.99,,,28990000.0
2015-10-15,,61.89,,,18150000.0
2015-10-16,,62.43,,,17460000.0
2015-10-19,,62.22,,,14510000.0
2015-10-20,,62.52,,,11550000.0
2015-10-21,,62.06,,,12170000.0
2015-10-22,,63.19,,,15300000.0
2015-10-23,,63.87,,,16990000.0
2015-10-26,,63.9,,,13880000.0
2015-10-27,,63.64,,,8830000.0
2015-10-28,,65.5,,,17960000.0
2015-10-29,,65.21,,,12750000.0
2015-10-30,,64.25,,,15730000.0
2015-11-02,,65.54,,,15250000.0
2015-11-03,,65.78,,,11520000.0
2015-11-04,,65.85,,,11390000.0
2015-11-05,,66.44,,,12720000.0
2015-11-06,,68.46,,,23260000.0
2015-11-09,,67.39,,,17140000.0
2015-11-10,,67.68,,,13240000.0
2015-11-11,,67.35,,,8510000.0
2015-11-12,,66.0,,,13580000.0
2015-11-13,,65.56,,,11840000.0
2015-11-16,,66.51,,,11040000.0
2015-11-17,,66.13,,,12350000.0
2015-11-18,,67.45,,,12910000.0
2015-11-19,,67.66,,,12840000.0
2015-11-20,,67.54,,,11210000.0
2015-11-23,,66.88,,,11340000.0
2015-11-24,,66.78,,,10910000.0
2015-11-25,,66.86,,,7770000.0
2015-11-27,,67.17,,,4050000.0
2015-11-30,,66.68,,,15150000.0
2015-12-01,,67.61,,,12710000.0
2015-12-02,,66.66,,,13440000.0
2015-12-03,,65.8,,,14630000.0
2015-12-04,,67.89,,,17790000.0
2015-12-07,,67.0,,,11690000.0
2015-12-08,,65.96,,,13080000.0
2015-12-09,,65.46,,,16770000.0
2015-12-10,,65.61,,,12840000.0
2015-12-11,,64.07,,,17890000.0
2015-12-14,,64.27,,,17640000.0
2015-12-15,,66.1,,,18130000.0
2015-12-16,,67.53,,,21720000.0
2015-12-17,,66.28,,,18120000.0
2015-12-18,,64.4,,,23820000.0
2015-12-21,,65.54,,,18870000.0
2015-12-22,,65.68,,,12150000.0
2015-12-23,,66.73,,,12520000.0
2015-12-24,,66.6,,,4470000.0
2015-12-28,,66.38,,,6610000.0
2015-12-29,,67.07,,,9820000.0
2015-12-30,,66.59,,,7190000.0
2015-12-31,,66.03,,,14650000.0
2016-01-04,,63.62,,,25390000.0
2016-01-05,,63.73,,,16570000.0
2016-01-06,,62.81,,,22960000.0
2016-01-07,,60.27,,,27630000.0
2016-01-08,,58.92,,,22370000.0
2016-01-11,,58.83,,,20930000.0
2016-01-12,,58.96,,,22970000.0
2016-01-13,,57.34,,,28810000.0
2016-01-14,,58.2,,,31300000.0
2016-01-15,,57.04,,,38130000.0
2016-01-19,,57.01,,,22820000.0
2016-01-20,,55.51,,,34650000.0
2016-01-21,,55.25,,,31300000.0
2016-01-22,,56.95,,,22730000.0
2016-01-25,,55.66,,,21110000.0
2016-01-26,,57.08,,,17540000.0
2016-01-27,,57.04,,,20560000.0
2016-01-28,,57.28,,,15500000.0
2016-01-29,,59.5,,,26990000.0
2016-02-01,,58.86,,,16810000.0
2016-02-02,,57.03,,,22450000.0
2016-02-03,,57.41,,,31540000.0
2016-02-04,,58.4,,,21650000.0
2016-02-05,,57.75,,,22000000.0
2016-02-08,,56.54,,,28270000.0
2016-02-09,,56.2,,,26300000.0
2016-02-10,,55.52,,,22390000.0
2016-02-11,,53.07,,,44330000.0
2016-02-12,,57.49,,,37010000.0
2016-02-16,,58.35,,,23730000.0
2016-02-17,,58.77,,,21580000.0
2016-02-18,,57.81,,,17040000.0
2016-02-19,,57.82,,,15660000.0
2016-02-22,,58.57,,,14880000.0
2016-02-23,,56.12,,,31770000.0
2016-02-24,,56.14,,,25560000.0
2016-02-25,,57.01,,,14470000.0
2016-02-26,,57.54,,,20950000.0
2016-02-29,,56.3,,,19550000.0
2016-03-01,,59.2,,,23960000.0
2016-03-02,,59.76,,,20940000.0
2016-03-03,,59.96,,,15790000.0
2016-03-04,,60.05,,,18460000.0
2016-03-07,,59.94,,,12830000.0
2016-03-08,,58.78,,,14130000.0
2016-03-09,,59.12,,,13240000.0
2016-03-10,,58.61,,,21140000.0
2016-03-11,,59.34,,,21050000.0
2016-03-14,,59.12,,,13440000.0
2016-03-15,,59.2,,,10910000.0
2016-03-16,,58.92,,,17420000.0
2016-03-17,,58.75,,,19410000.0
2016-03-18,,60.48,,,29570000.0
2016-03-21,,60.46,,,12680000.0
2016-03-22,,60.24,,,12040000.0
2016-03-23,,59.94,,,11660000.0
2016-03-24,,59.48,,,12920000.0
2016-03-28,,59.4,,,11160000.0
2016-03-29,,59.03,,,15930000.0
2016-03-30,,59.71,,,13310000.0
2016-03-31,,59.22,,,14900000.0
2016-04-01,,59.87,,,15420000.0
2016-04-04,,59.2,,,12310000.0
2016-04-05,,58.36,,,12890000.0
2016-04-06,,58.81,,,12170000.0
2016-04-07,,57.32,,,19230000.0
2016-04-08,,57.74,,,13550000.0
2016-04-11,,58.2,,,17630000.0
2016-04-12,,59.28,,,17780000.0
2016-04-13,,61.79,,,37520000.0
2016-04-14,,62.59,,,24250000.0
2016-04-15,,61.87,,,19290000.0
2016-04-18,,62.27,,,13810000.0
2016-04-19,,63.32,,,19260000.0
2016-04-20,,64.24,,,14590000.0
2016-04-21,,63.6,,,15400000.0
2016-04-22,,63.97,,,12440000.0
2016-04-25,,63.6,,,10690000.0
2016-04-26,,63.93,,,12050000.0
2016-04-27,,64.11,,,15280000.0
2016-04-28,,63.6,,,12850000.0
2016-04-29,,63.2,,,16379999.999999998
2016-05-02,,63.79,,,10250000.0
2016-05-03,,62.56,,,19120000.0
2016-05-04,,61.57,,,17030000.0
2016-05-05,,61.24,,,14030000.0
2016-05-06,,61.6,,,11060000.0
2016-05-09,,61.21,,,11200000.0
2016-05-10,,62.04,,,11900000.0
2016-05-11,,61.81,,,11250000.0
2016-05-12,,61.77,,,11070000.0
2016-05-13,,61.2,,,15120000.0
2016-05-16,,61.66,,,10950000.0
2016-05-17,,61.66,,,12180000.0
2016-05-18,,64.04,,,24050000.0
2016-05-19,,63.39,,,16079999.999999998
2016-05-20,,63.51,,,11860000.0
2016-05-23,,63.46,,,9350000.0
2016-05-24,,64.54,,,13840000.0
2016-05-25,,65.52,,,18940000.0
2016-05-26,,65.03,,,9430000.0
2016-05-27,,65.43,,,10120000.0
2016-05-31,,65.27,,,15140000.0
2016-06-01,,65.69,,,14030000.0
2016-06-02,,65.81,,,10640000.0
2016-06-03,,64.64,,,20260000.0
2016-06-06,,65.28,,,13190000.0
2016-06-07,,65.06,,,9920000.0
2016-06-08,,65.25,,,9430000.0
2016-06-09,,64.75,,,10820000.0
2016-06-10,,63.84,,,16680000.0
2016-06-13,,63.27,,,14380000.0
2016-06-14,,62.08,,,19510000.0
2016-06-15,,61.97,,,16980000.0
2016-06-16,,62.22,,,16790000.0
2016-06-17,,62.28,,,15750000.0
2016-06-20,,62.37,,,12210000.0
2016-06-21,,62.95,,,11610000.0
2016-06-22,,62.71,,,12640000.0
2016-06-23,,64.05,,,16579999.999999998
2016-06-24,,59.6,,,44110000.0
2016-06-27,,57.61,,,37930000.0
2016-06-28,,59.52,,,29090000.0
2016-06-29,,61.2,,,21480000.0
2016-06-30,,62.14,,,21340000.0
2016-07-01,,61.26,,,14220000.0
2016-07-05,,59.55,,,23360000.0
2016-07-06,,60.19,,,20430000.0
2016-07-07,,60.58,,,13770000.0
2016-07-08,,61.83,,,17000000.0
2016-07-11,,62.27,,,13150000.0
2016-07-12,,63.2,,,16590000.0
2016-07-13,,63.16,,,18530000.0
2016-07-14,,64.12,,,28990000.0
2016-07-15,,64.18,,,17610000.0
2016-07-18,,63.96,,,10820000.0
2016-07-19,,63.86,,,9740000.0
2016-07-20,,63.93,,,10410000.0
2016-07-21,,63.69,,,9950000.0
2016-07-22,,64.04,,,8199999.999999999
2016-07-25,,63.87,,,8170000.0
2016-07-26,,64.13,,,8070000.0
2016-07-27,,64.33,,,11810000.0
2016-07-28,,64.1,,,10010000.0
2016-07-29,,63.97,,,13210000.0
2016-08-01,,63.8,,,11420000.0
2016-08-02,,63.65,,,13550000.0
2016-08-03,,64.66,,,13120000.0
2016-08-04,,64.56,,,9870000.0
2016-08-05,,66.3,,,20750000.0
2016-08-08,,66.1,,,11360000.0
2016-08-09,,65.87,,,10100000.0
2016-08-10,,65.28,,,11560000.0
2016-08-11,,65.46,,,9600000.0
2016-08-12,,65.32,,,7690000.0
2016-08-15,,65.72,,,8369999.999999999
2016-08-16,,65.71,,,10130000.0
2016-08-17,,65.89,,,11870000.0
2016-08-18,,65.95,,,9310000.0
2016-08-19,,65.86,,,9080000.0
2016-08-22,,65.8,,,9060000.0
2016-08-23,,65.77,,,8950000.0
2016-08-24,,65.95,,,10170000.0
2016-08-25,,66.07,,,9980000.0
2016-08-26,,66.22,,,14040000.0
2016-08-29,,66.95,,,14580000.0
2016-08-30,,67.5,,,13790000.0
2016-08-31,,67.5,,,14950000.0
2016-09-01,,67.21,,,12230000.0
2016-09-02,,67.49,,,13720000.0
2016-09-06,,67.44,,,16649999.999999998
2016-09-07,,67.16,,,10070000.0
2016-09-08,,67.25,,,12250000.0
2016-09-09,,66.65,,,19690000.0
2016-09-12,,67.06,,,16450000.0
2016-09-13,,66.53,,,18880000.0
2016-09-14,,66.4,,,12650000.0
2016-09-15,,66.64,,,12640000.0
2016-09-16,,65.82,,,25160000.0
2016-09-19,,66.19,,,13470000.0
2016-09-20,,66.46,,,10090000.0
2016-09-21,,66.84,,,14120000.0
2016-09-22,,67.39,,,12780000.0
2016-09-23,,67.25,,,13970000.0
2016-09-26,,65.78,,,16410000.0
2016-09-27,,66.36,,,13710000.0
2016-09-28,,66.71,,,11280000.0
2016-09-29,,65.65,,,18730000.0
2016-09-30,,66.59,,,21680000.0
2016-10-03,,66.51,,,14900000.0
2016-10-04,,66.6,,,17230000.0
2016-10-05,,67.69,,,16280000.000000002
2016-10-06,,67.87,,,17480000.0
2016-10-07,,68.11,,,18500000.0
2016-10-10,,68.64,,,13030000.0
2016-10-11,,68.31,,,15660000.0
2016-10-12,,68.13,,,11900000.0
2016-10-13,,67.74,,,17890000.0
2016-10-14,,67.52,,,24160000.0
2016-10-17,,67.17,,,14960000.0
2016-10-18,,67.7,,,11870000.0
2016-10-19,,68.35,,,12710000.0
2016-10-20,,68.26,,,14120000.0
2016-10-21,,68.49,,,12180000.0
2016-10-24,,68.87,,,10200000.0
2016-10-25,,68.8,,,9950000.0
2016-10-26,,69.13,,,9800000.0
2016-10-27,,69.23,,,14210000.0
2016-10-28,,69.11,,,12770000.0
2016-10-31,,69.26,,,14340000.0
2016-11-01,,68.97,,,15560000.0
2016-11-02,,68.68,,,12450000.0
2016-11-03,,68.38,,,10370000.0
2016-11-04,,67.76,,,13570000.0
2016-11-07,,69.88,,,16520000.0
2016-11-08,,70.03,,,17530000.0
2016-11-09,,73.25,,,50950000.0
2016-11-10,,76.65,,,56190000.0
2016-11-11,,76.69,,,27570000.0
2016-11-14,,79.51,,,46130000.0
2016-11-15,,79.36,,,28130000.0
2016-11-16,,77.4,,,26050000.0
2016-11-17,,78.02,,,19310000.0
2016-11-18,,77.71,,,19770000.0
2016-11-21,,78.05,,,11980000.0
2016-11-22,,78.53,,,14410000.0
2016-11-23,,78.86,,,13400000.0
2016-11-25,,78.83,,,6190000.0
2016-11-28,,78.32,,,13010000.0
2016-11-29,,78.92,,,14140000.0
2016-11-30,,80.17,,,25350000.0
2016-12-01,,81.79,,,23820000.0
2016-12-02,,81.6,,,16930000.0
2016-12-05,,83.26,,,18530000.0
2016-12-06,,83.69,,,16129999.999999998
2016-12-07,,84.07,,,19000000.0
2016-12-08,,85.12,,,20840000.0
2016-12-09,,85.49,,,14570000.0
2016-12-12,,84.73,,,14510000.0
2016-12-13,,84.76,,,16670000.000000002
2016-12-14,,84.73,,,22620000.0
2016-12-15,,86.0,,,19440000.0
2016-12-16,,84.94,,,23010000.0
2016-12-19,,85.43,,,21690000.0
2016-12-20,,86.53,,,14590000.0
2016-12-21,,86.75,,,11400000.0
2016-12-22,,86.89,,,13920000.0
2016-12-23,,87.05,,,10760000.0
2016-12-27,,87.13,,,6950000.0
2016-12-28,,86.5,,,9460000.0
2016-12-29,,85.89,,,14690000.0
2016-12-30,,86.29,,,13620000.0
2017-01-03,,87.23,,,20550000.0
2017-01-04,,86.91,,,15270000.0
2017-01-05,,86.11,,,14300000.0
2017-01-06,,86.12,,,12890000.0
2017-01-09,,86.18,,,12810000.0
2017-01-10,,86.43,,,13990000.0
2017-01-11,,87.08,,,14710000.0
2017-01-12,,86.24,,,21340000.0
2017-01-13,,86.7,,,28300000.0
2017-01-17,,83.55,,,30020000.0
2017-01-18,,83.94,,,21270000.0
2017-01-19,,83.3,,,16559999.999999998
2017-01-20,,83.67,,,18440000.0
2017-01-23,,83.71,,,12180000.0
2017-01-24,,84.72,,,15180000.0
2017-01-25,,86.03,,,17550000.0
2017-01-26,,86.75,,,15960000.0
2017-01-27,,86.93,,,12540000.0
2017-01-30,,86.03,,,13660000.0
2017-01-31,,84.63,,,15660000.0
2017-02-01,,84.95,,,15430000.0
2017-02-02,,84.59,,,11080000.0
2017-02-03,,87.18,,,17890000.0
2017-02-06,,86.77,,,11830000.0
2017-02-07,,86.72,,,9390000.0
2017-02-08,,85.96,,,13970000.0
2017-02-09,,87.2,,,13750000.0
2017-02-10,,87.0,,,10990000.0
2017-02-13,,88.15,,,18740000.0
2017-02-14,,89.56,,,17930000.0
2017-02-15,,90.59,,,17380000.0
2017-02-16,,90.53,,,17670000.0
2017-02-17,,90.23,,,15780000.0
2017-02-21,,91.01,,,14070000.0
2017-02-22,,91.06,,,11840000.0
2017-02-23,,91.13,,,11070000.0
2017-02-24,,90.33,,,15060000.0
2017-02-27,,90.43,,,12360000.0
2017-02-28,,90.62,,,15180000.0
2017-03-01,,93.6,,,24450000.0
2017-03-02,,92.14,,,16860000.0
2017-03-03,,92.8,,,12860000.0
2017-03-06,,91.92,,,15060000.0
2017-03-07,,91.41,,,11160000.0
2017-03-08,,91.21,,,17380000.0
2017-03-09,,91.57,,,13730000.0
2017-03-10,,91.28,,,13730000.0
2017-03-13,,91.36,,,10000000.0
2017-03-14,,91.51,,,10240000.0
2017-03-15,,91.73,,,16600000.000000002
2017-03-16,,91.64,,,14490000.0
2017-03-17,,90.68,,,21730000.0
2017-03-20,,90.03,,,14620000.0
2017-03-21,,87.39,,,33090000.000000004
2017-03-22,,87.53,,,21740000.0
2017-03-23,,87.39,,,16090000.0
2017-03-24,,87.29,,,16090000.0
2017-03-27,,87.24,,,16690000.000000002
2017-03-28,,88.6,,,16260000.000000002
2017-03-29,,88.27,,,10210000.0
2017-03-30,,89.03,,,11630000.0
2017-03-31,,87.84,,,16990000.0
2017-04-03,,87.52,,,19830000.0
2017-04-04,,87.31,,,14280000.0
2017-04-05,,86.19,,,17640000.0
2017-04-06,,86.48,,,14380000.0
2017-04-07,,86.18,,,13100000.0
2017-04-10,,85.88,,,15080000.0
2017-04-11,,85.73,,,14690000.0
2017-04-12,,85.4,,,14730000.0
2017-04-13,,84.4,,,30530000.0
2017-04-17,,85.86,,,19070000.0
2017-04-18,,85.16,,,14130000.0
2017-04-19,,84.46,,,17590000.0
2017-04-20,,85.55,,,15640000.0
2017-04-21,,84.52,,,19820000.0
2017-04-24,,87.5,,,25470000.0
2017-04-25,,88.26,,,18250000.0
2017-04-26,,88.43,,,12830000.0
2017-04-27,,87.61,,,13330000.0
2017-04-28,,87.0,,,10760000.0
2017-05-01,,87.06,,,15710000.0
2017-05-02,,86.5,,,14410000.0
2017-05-03,,87.0,,,11540000.0
2017-05-04,,87.1,,,11540000.0
2017-05-05,,87.0,,,9440000.0
2017-05-08,,87.1,,,8160000.0
2017-05-09,,86.75,,,10270000.0
2017-05-10,,87.43,,,8330000.0
2017-05-11,,87.16,,,10910000.0
2017-05-12,,86.92,,,8740000.0
2017-05-15,,87.34,,,8840000.0
2017-05-16,,87.61,,,9790000.0
2017-05-17,,84.27,,,24680000.0
2017-05-18,,83.96,,,23350000.0
2017-05-19,,84.78,,,13410000.0
2017-05-22,,84.7,,,11640000.0
2017-05-23,,85.76,,,11750000.0
2017-05-24,,85.71,,,9920000.0
2017-05-25,,85.35,,,12240000.0
2017-05-26,,85.36,,,8109999.999999999
2017-05-30,,83.9,,,12600000.0
2017-05-31,,82.15,,,28330000.0
2017-06-01,,83.06,,,17120000.0
2017-06-02,,82.64,,,15000000.0
2017-06-05,,82.79,,,9080000.0
2017-06-06,,82.96,,,12200000.0
2017-06-07,,83.91,,,13710000.0
2017-06-08,,84.95,,,17950000.0
2017-06-09,,86.96,,,19120000.0
2017-06-12,,86.98,,,16050000.0
2017-06-13,,87.27,,,12560000.0
2017-06-14,,87.09,,,16180000.0
2017-06-15,,86.57,,,12510000.0
2017-06-16,,86.18,,,16940000.0
2017-06-19,,88.07,,,15970000.0
2017-06-20,,87.52,,,11200000.0
2017-06-21,,87.12,,,10010000.0
2017-06-22,,87.02,,,12180000.0
2017-06-23,,86.86,,,18810000.0
2017-06-26,,87.24,,,10080000.0
2017-06-27,,88.05,,,15420000.0
2017-06-28,,89.82,,,17470000.0
2017-06-29,,91.15,,,27700000.0
2017-06-30,,91.4,,,16890000.0
2017-07-03,,92.75,,,13210000.0
2017-07-05,,93.68,,,17540000.0
2017-07-06,,93.38,,,16600000.000000002
2017-07-07,,93.85,,,12820000.0
2017-07-10,,93.19,,,13990000.0
2017-07-11,,92.83,,,13260000.0
2017-07-12,,92.51,,,13540000.0
2017-07-13,,93.1,,,12820000.0
2017-07-14,,92.25,,,22240000.0
2017-07-17,,91.39,,,14370000.0
2017-07-18,,91.07,,,14720000.0
2017-07-19,,91.2,,,11650000.0
2017-07-20,,91.2,,,11560000.0
2017-07-21,,90.89,,,10970000.0
2017-07-24,,91.28,,,10730000.0
2017-07-25,,92.8,,,16450000.0
2017-07-26,,91.93,,,11820000.0
2017-07-27,,91.55,,,12330000.0
2017-07-28,,91.28,,,9350000.0
2017-07-31,,91.8,,,11520000.0
2017-08-01,,93.03,,,12520000.0
2017-08-02,,93.11,,,10170000.0
2017-08-03,,92.5,,,11080000.0
2017-08-04,,93.66,,,14320000.0
2017-08-07,,94.02,,,7980000.0
2017-08-08,,93.68,,,13750000.0
2017-08-09,,93.53,,,11210000.0
2017-08-10,,92.19,,,13250000.0
2017-08-11,,91.42,,,10680000.0
2017-08-14,,92.49,,,10990000.0
2017-08-15,,92.73,,,8810000.0
2017-08-16,,92.09,,,11090000.0
2017-08-17,,90.65,,,13840000.0
2017-08-18,,90.74,,,13040000.0
2017-08-21,,90.63,,,11500000.0
2017-08-22,,91.56,,,9210000.0
2017-08-23,,91.67,,,8810000.0
2017-08-24,,91.52,,,8620000.0
2017-08-25,,91.89,,,11790000.0
2017-08-28,,91.6,,,7290000.0
2017-08-29,,91.1,,,10890000.0
2017-08-30,,91.31,,,9170000.0
2017-08-31,,90.89,,,13220000.0
2017-09-01,,91.7,,,9820000.0
2017-09-05,,89.51,,,17030000.0
2017-09-06,,90.11,,,11850000.0
2017-09-07,,88.53,,,14590000.0
2017-09-08,,88.42,,,14240000.0
2017-09-11,,89.79,,,13220000.0
2017-09-12,,90.89,,,14000000.0
2017-09-13,,91.15,,,12490000.0
2017-09-14,,90.97,,,10560000.0
2017-09-15,,91.62,,,18170000.0
2017-09-18,,92.92,,,11320000.0
2017-09-19,,93.94,,,12630000.0
2017-09-20,,94.6,,,15310000.0
2017-09-21,,95.03,,,10850000.0
2017-09-22,,94.83,,,8359999.999999999
2017-09-25,,94.12,,,10460000.0
2017-09-26,,93.7,,,9360000.0
2017-09-27,,95.18,,,15090000.0
2017-09-28,,95.38,,,10270000.0
2017-09-29,,95.51,,,11440000.0
2017-10-02,,96.84,,,13800000.0
2017-10-03,,97.35,,,9630000.0
2017-10-04,,96.36,,,12170000.0
2017-10-05,,97.09,,,14240000.0
2017-10-06,,96.92,,,10230000.0
2017-10-09,,96.41,,,7770000.0
2017-10-10,,97.13,,,10630000.0
2017-10-11,,96.84,,,14280000.0
2017-10-12,,95.99,,,18250000.0
2017-10-13,,95.86,,,13190000.0
2017-10-16,,97.84,,,12430000.0
2017-10-17,,97.62,,,10340000.0
2017-10-18,,97.99,,,10160000.0
2017-10-19,,98.11,,,9130000.0
2017-10-20,,99.51,,,15330000.0
2017-10-23,,99.34,,,9240000.0
2017-10-24,,100.92,,,13000000.0
2017-10-25,,101.02,,,14630000.0
2017-10-26,,101.74,,,13050000.0
2017-10-27,,101.77,,,10400000.0
2017-10-30,,101.41,,,8840000.0
2017-10-31,,100.61,,,8690000.0
2017-11-01,,100.92,,,8420000.0
2017-11-02,,101.59,,,8730000.0
2017-11-03,,101.41,,,7100000.0
2017-11-06,,100.78,,,8119999.999999999
2017-11-07,,98.75,,,18820000.0
2017-11-08,,97.64,,,18520000.0
2017-11-09,,97.63,,,13700000.0
2017-11-10,,97.51,,,9310000.0
2017-11-13,,97.86,,,9300000.0
2017-11-14,,97.27,,,11040000.0
2017-11-15,,98.19,,,15380000.0
2017-11-16,,98.47,,,9810000.0
2017-11-17,,98.14,,,9020000.0
2017-11-20,,99.01,,,9480000.0
2017-11-21,,98.93,,,13390000.0
2017-11-22,,98.64,,,7340000.0
2017-11-24,,98.32,,,3680000.0
2017-11-27,,97.93,,,13080000.0
2017-11-28,,101.36,,,16770000.0
2017-11-29,,103.73,,,21110000.0
2017-11-30,,104.52,,,23950000.0
2017-12-01,,104.79,,,19680000.0
2017-12-04,,106.95,,,23580000.0
2017-12-05,,105.72,,,17190000.0
2017-12-06,,104.93,,,15480000.0
2017-12-07,,104.62,,,13370000.0
2017-12-08,,105.93,,,13510000.0
2017-12-11,,105.62,,,10590000.0
2017-12-12,,106.85,,,15510000.0
2017-12-13,,105.51,,,15020000.0
2017-12-14,,104.66,,,13030000.0
2017-12-15,,106.14,,,29350000.0
2017-12-18,,106.96,,,12710000.0
2017-12-19,,106.51,,,12150000.0
2017-12-20,,106.14,,,13090000.0
2017-12-21,,107.83,,,12320000.0
2017-12-22,,107.45,,,14570000.0
2017-12-26,,107.02,,,7400000.0
2017-12-27,,107.22,,,9500000.0
2017-12-28,,107.79,,,7440000.0
2017-12-29,,106.94,,,8930000.0
2018-01-02,,107.95,,,13580000.0
2018-01-03,,108.06,,,11900000.0
2018-01-04,,109.04,,,12950000.0
2018-01-05,,108.34,,,14150000.0
2018-01-08,,108.5,,,12470000.0
2018-01-09,,109.05,,,13290000.0
2018-01-10,,110.25,,,15830000.0
2018-01-11,,110.84,,,13680000.0
2018-01-12,,112.67,,,18880000.0
2018-01-16,,112.27,,,22700000.0
2018-01-17,,112.99,,,14940000.0
2018-01-18,,113.26,,,14570000.0
2018-01-19,,113.01,,,18790000.0
2018-01-22,,114.33,,,12480000.0
2018-01-23,,114.21,,,12320000.0
2018-01-24,,115.67,,,15900000.0
2018-01-25,,115.7,,,13510000.0
2018-01-26,,116.32,,,13880000.0
2018-01-29,,116.2,,,11680000.0
2018-01-30,,115.11,,,14280000.0
2018-01-31,,115.67,,,13140000.0
2018-02-01,,116.87,,,13800000.0
2018-02-02,,114.28,,,16480000.0
2018-02-05,,108.8,,,30100000.0
2018-02-06,,112.11,,,33110000.0
2018-02-07,,112.87,,,21880000.0
2018-02-08,,107.88,,,27430000.0
2018-02-09,,110.04,,,28190000.0
2018-02-12,,111.74,,,18040000.0
2018-02-13,,112.43,,,16360000.0
2018-02-14,,115.03,,,15190000.0
2018-02-15,,115.51,,,12130000.0
2018-02-16,,114.68,,,13210000.0
2018-02-20,,114.71,,,13460000.0
2018-02-21,,115.19,,,14210000.0
2018-02-22,,114.98,,,17070000.0
2018-02-23,,117.31,,,12160000.0
2018-02-26,,118.77,,,16510000.000000002
2018-02-27,,117.36,,,17560000.0
2018-02-28,,115.5,,,17740000.0
2018-03-01,,113.43,,,18690000.0
2018-03-02,,113.32,,,18350000.0
2018-03-05,,115.06,,,13930000.0
2018-03-06,,115.16,,,10670000.0
2018-03-07,,114.73,,,13010000.0
2018-03-08,,114.74,,,11170000.0
2018-03-09,,118.04,,,15370000.0
2018-03-12,,117.66,,,12340000.0
2018-03-13,,116.25,,,13310000.0
2018-03-14,,114.95,,,12910000.0
2018-03-15,,115.24,,,8750000.0
2018-03-16,,115.44,,,19890000.0
2018-03-19,,114.53,,,13210000.0
2018-03-20,,114.64,,,9920000.0
2018-03-21,,114.74,,,13630000.0
2018-03-22,,109.95,,,22550000.0
2018-03-23,,107.01,,,23080000.0
2018-03-26,,110.31,,,20220000.0
2018-03-27,,108.17,,,18040000.0
2018-03-28,,108.0,,,19190000.0
2018-03-29,,109.97,,,13270000.0
2018-04-02,,107.85,,,18820000.0
2018-04-03,,109.33,,,14050000.0
2018-04-04,,110.99,,,15300000.0
2018-04-05,,111.88,,,16629999.999999998
2018-04-06,,109.09,,,18910000.0
2018-04-09,,110.4,,,15970000.0
2018-04-10,,112.51,,,14000000.0
2018-04-11,,110.62,,,14500000.0
2018-04-12,,113.37,,,16440000.000000002
2018-04-13,,110.3,,,39150000.0
2018-04-16,,110.21,,,16579999.999999998
2018-04-17,,110.21,,,15500000.0
2018-04-18,,109.32,,,16079999.999999998
2018-04-19,,111.72,,,17910000.0
2018-04-20,,111.47,,,15580000.0
2018-04-23,,110.93,,,11290000.0
2018-04-24,,110.41,,,16450000.0
2018-04-25,,109.99,,,13550000.0
2018-04-26,,110.1,,,10300000.0
2018-04-27,,109.4,,,9380000.0
2018-04-30,,108.78,,,13740000.0
2018-05-01,,108.78,,,10500000.0
2018-05-02,,107.92,,,12160000.0
2018-05-03,,107.24,,,15380000.0
2018-05-04,,108.43,,,11970000.0
2018-05-07,,109.37,,,9360000.0
2018-05-08,,110.99,,,12540000.0
2018-05-09,,113.41,,,11370000.0
2018-05-10,,114.29,,,9160000.0
2018-05-11,,113.86,,,10250000.0
2018-05-14,,113.9,,,8710000.0
2018-05-15,,113.03,,,11540000.0
2018-05-16,,113.34,,,7570000.0
2018-05-17,,112.96,,,8620000.0
2018-05-18,,111.13,,,11810000.0
2018-05-21,,112.15,,,9440000.0
2018-05-22,,113.01,,,11510000.0
2018-05-23,,112.49,,,11450000.0
2018-05-24,,111.23,,,14080000.0
2018-05-25,,110.66,,,8279999.999999999
2018-05-29,,105.93,,,30640000.0
2018-05-30,,108.35,,,17490000.0
2018-05-31,,107.01,,,19810000.0
2018-06-01,,108.4,,,13590000.0
2018-06-04,,108.45,,,9420000.0
2018-06-05,,107.84,,,10420000.0
2018-06-06,,110.36,,,15450000.0
2018-06-07,,110.8,,,13440000.0
2018-06-08,,111.11,,,10380000.0
2018-06-11,,110.83,,,12640000.0
2018-06-12,,110.19,,,15290000.0
2018-06-13,,109.97,,,14980000.0
2018-06-14,,108.03,,,20490000.0
2018-06-15,,107.9,,,26030000.0
2018-06-18,,108.18,,,9790000.0
2018-06-19,,107.55,,,12710000.0
2018-06-20,,107.54,,,8880000.0
2018-06-21,,107.51,,,11050000.0
2018-06-22,,105.75,,,19940000.0
2018-06-25,,104.79,,,16910000.0
2018-06-26,,104.86,,,17090000.0
2018-06-27,,103.24,,,16280000.000000002
2018-06-28,,104.93,,,14490000.0
2018-06-29,,104.2,,,18970000.0
2018-07-02,,105.08,,,11130000.0
2018-07-03,,103.61,,,8310000.000000001
2018-07-05,,103.72,,,10720000.0
2018-07-06,,104.06,,,12170000.0
2018-07-09,,107.28,,,13900000.0
2018-07-10,,106.62,,,14580000.0
2018-07-11,,106.39,,,10190000.0
2018-07-12,,106.85,,,12460000.0
2018-07-13,,106.36,,,21300000.0
2018-07-16,,110.58,,,24660000.0
2018-07-17,,110.5,,,14820000.0
2018-07-18,,111.53,,,14240000.0
2018-07-19,,109.89,,,16780000.0
2018-07-20,,111.28,,,13580000.0
2018-07-23,,113.35,,,18140000.0
2018-07-24,,114.15,,,14000000.0
2018-07-25,,115.18,,,13330000.0
2018-07-26,,114.85,,,11900000.0
2018-07-27,,116.03,,,12810000.0
2018-07-30,,116.73,,,13410000.0
2018-07-31,,114.95,,,15840000.0
2018-08-01,,115.66,,,13530000.0
2018-08-02,,116.15,,,11060000.0
2018-08-03,,117.09,,,11020000.0
2018-08-06,,117.12,,,9860000.0
2018-08-07,,117.55,,,10560000.0
2018-08-08,,117.79,,,9000000.0
2018-08-09,,116.88,,,9690000.0
2018-08-10,,115.73,,,12630000.0
2018-08-13,,113.89,,,10340000.0
2018-08-14,,114.65,,,10600000.0
2018-08-15,,113.7,,,10150000.0
2018-08-16,,114.77,,,10120000.0
2018-08-17,,114.77,,,8510000.0
2018-08-20,,114.62,,,8620000.0
2018-08-21,,115.32,,,10980000.0
2018-08-22,,114.97,,,8310000.000000001
2018-08-23,,114.73,,,9270000.0
2018-08-24,,114.68,,,8850000.0
2018-08-27,,116.71,,,13770000.0
2018-08-28,,116.14,,,8300000.000000001
2018-08-29,,115.76,,,7220000.0
2018-08-30,,115.19,,,8990000.0
2018-08-31,,114.58,,,13070000.0
2018-09-04,,115.15,,,10170000.0
2018-09-05,,114.59,,,11460000.0
2018-09-06,,114.1,,,9880000.0
2018-09-07,,114.32,,,10960000.0
2018-09-10,,113.71,,,8279999.999999999
2018-09-11,,114.43,,,9330000.0
2018-09-12,,113.08,,,10800000.0
2018-09-13,,113.52,,,12470000.0
2018-09-14,,113.5,,,10340000.0
2018-09-17,,113.84,,,9560000.0
2018-09-18,,114.3,,,7940000.0
2018-09-19,,117.62,,,16050000.0
2018-09-20,,118.63,,,15590000.0
2018-09-21,,117.85,,,24790000.0
2018-09-24,,116.72,,,12490000.0
2018-09-25,,116.39,,,9310000.0
2018-09-26,,115.02,,,14020000.0
2018-09-27,,114.52,,,13280000.0
2018-09-28,,112.84,,,15820000.0
2018-10-01,,113.5,,,10150000.0
2018-10-02,,113.97,,,13750000.0
2018-10-03,,115.04,,,17140000.0
2018-10-04,,115.27,,,16360000.0
2018-10-05,,114.62,,,13780000.0
2018-10-08,,115.32,,,14370000.0
2018-10-09,,114.52,,,14070000.0
2018-10-10,,111.47,,,23090000.0
2018-10-11,,108.13,,,33710000.0
2018-10-12,,106.95,,,32080000.0
2018-10-15,,106.34,,,18900000.0
2018-10-16,,108.62,,,19300000.0
2018-10-17,,109.83,,,18790000.0
2018-10-18,,108.09,,,17580000.0
2018-10-19,,107.91,,,15230000.0
2018-10-22,,106.36,,,16200000.0
2018-10-23,,105.25,,,21410000.0
2018-10-24,,103.29,,,23170000.0
2018-10-25,,104.86,,,17460000.0
2018-10-26,,103.42,,,19170000.0
2018-10-29,,104.85,,,18450000.0
2018-10-30,,106.7,,,18020000.0
2018-10-31,,109.02,,,20860000.0
2018-11-01,,108.98,,,13070000.0
2018-11-02,,108.38,,,19010000.0
2018-11-05,,109.09,,,10280000.0
2018-11-06,,109.6,,,10820000.0
2018-11-07,,111.48,,,12680000.0
2018-11-08,,112.38,,,11660000.0
2018-11-09,,111.29,,,10430000.0
2018-11-12,,108.95,,,13280000.0
2018-11-13,,109.59,,,13750000.0
2018-11-14,,107.33,,,18360000.0
2018-11-15,,110.07,,,19100000.0
2018-11-16,,109.99,,,13800000.0
2018-11-19,,110.83,,,13990000.0
2018-11-20,,108.45,,,18940000.0
2018-11-21,,107.64,,,10620000.0
2018-11-23,,106.65,,,6490000.0
2018-11-26,,109.26,,,13950000.0
2018-11-27,,109.72,,,9240000.0
2018-11-28,,110.94,,,13980000.0
2018-11-29,,110.06,,,11140000.0
2018-11-30,,111.19,,,18650000.0
2018-12-03,,112.24,,,16030000.000000002
2018-12-04,,107.23,,,23560000.0
2018-12-06,,105.19,,,27210000.0
2018-12-07,,103.29,,,19250000.0
2018-12-10,,101.36,,,23640000.0
2018-12-11,,100.37,,,16860000.0
2018-12-12,,101.02,,,22620000.0
2018-12-13,,101.12,,,17250000.0
2018-12-14,,100.29,,,19880000.0
2018-12-17,,99.01,,,25110000.0
2018-12-18,,98.54,,,20840000.0
2018-12-19,,97.29,,,28770000.0
2018-12-20,,96.45,,,31830000.0
2018-12-21,,94.17,,,41310000.0
2018-12-24,,92.14,,,17010000.0
2018-12-26,,95.96,,,22540000.0
2018-12-27,,97.04,,,20300000.0
2018-12-28,,96.83,,,17960000.0
2018-12-31,,97.62,,,13240000.0
2019-01-02,,99.31,,,15670000.0
2019-01-03,,97.11,,,16290000.0
2019-01-04,,100.69,,,16940000.0
2019-01-07,,100.76,,,15430000.0
2019-01-08,,100.57,,,13580000.0
2019-01-09,,100.4,,,14230000.0
2019-01-10,,100.39,,,14380000.0
2019-01-11,,99.91,,,15440000.0
2019-01-14,,100.94,,,21260000.0
2019-01-15,,101.68,,,26500000.0
2019-01-16,,102.5,,,18530000.0
2019-01-17,,102.92,,,14250000.0
2019-01-18,,104.59,,,16430000.0
2019-01-22,,102.94,,,17080000.0
2019-01-23,,102.68,,,12150000.0
2019-01-24,,102.74,,,11300000.0
2019-01-25,,103.39,,,14410000.0
2019-01-28,,103.88,,,12280000.0
2019-01-29,,104.17,,,9740000.0
2019-01-30,,104.41,,,12530000.0
2019-01-31,,103.5,,,17520000.0
2019-02-01,,103.88,,,13000000.0
2019-02-04,,104.25,,,9870000.0
2019-02-05,,103.79,,,12760000.0
2019-02-06,,103.74,,,8740000.0
2019-02-07,,102.38,,,13180000.0
2019-02-08,,101.36,,,12890000.0
2019-02-11,,100.88,,,10980000.0
2019-02-12,,102.6,,,12850000.0
2019-02-13,,103.09,,,10750000.0
2019-02-14,,102.42,,,11520000.0
2019-02-15,,105.55,,,14720000.0
2019-02-19,,105.18,,,12760000.0
2019-02-20,,105.69,,,10030000.0
2019-02-21,,105.47,,,8400000.0
2019-02-22,,105.0,,,10650000.0
2019-02-25,,106.1,,,11230000.0
2019-02-26,,105.29,,,15470000.0
2019-02-27,,105.16,,,9970000.0
2019-02-28,,104.36,,,15160000.0
2019-03-01,,104.43,,,13810000.0
2019-03-04,,104.19,,,12470000.0
2019-03-05,,104.11,,,10860000.0
2019-03-06,,103.72,,,9070000.0
2019-03-07,,102.97,,,12710000.0
2019-03-08,,103.01,,,10580000.0
2019-03-11,,104.35,,,9760000.0
2019-03-12,,104.04,,,10220000.0
2019-03-13,,104.39,,,13020000.0
2019-03-14,,105.34,,,10930000.0
2019-03-15,,106.55,,,24810000.0
2019-03-18,,107.19,,,12940000.0
2019-03-19,,106.8,,,12890000.0
2019-03-20,,104.52,,,14920000.0
2019-03-21,,102.87,,,19750000.0
2019-03-22,,99.76,,,31120000.0
2019-03-25,,98.93,,,21030000.0
2019-03-26,,99.92,,,15990000.0
2019-03-27,,99.58,,,12750000.0
2019-03-28,,100.71,,,12450000.0
2019-03-29,,101.23,,,14520000.0
2019-04-01,,104.64,,,17500000.0
2019-04-02,,105.14,,,10300000.0
2019-04-03,,105.35,,,11500000.0
2019-04-04,,105.56,,,11950000.0
2019-04-05,,105.31,,,9930000.0
2019-04-08,,105.65,,,8060000.000000001
2019-04-09,,104.87,,,9090000.0
2019-04-10,,105.34,,,10880000.0
2019-04-11,,106.23,,,11180000.0
2019-04-12,,111.21,,,25830000.0
2019-04-15,,109.94,,,15160000.0
2019-04-16,,111.1,,,11580000.0
2019-04-17,,114.3,,,17790000.0
2019-04-18,,113.46,,,12500000.0
2019-04-22,,113.6,,,7980000.0
2019-04-23,,113.74,,,9190000.0
2019-04-24,,113.55,,,9250000.0
2019-04-25,,113.61,,,9310000.0
2019-04-26,,114.47,,,7890000.0
2019-04-29,,116.12,,,14240000.0
2019-04-30,,116.05,,,11390000.0
2019-05-01,,115.16,,,10410000.0
2019-05-02,,115.41,,,8610000.0
2019-05-03,,116.12,,,8189999.999999999
2019-05-06,,115.09,,,9390000.0
2019-05-07,,113.21,,,15020000.0
2019-05-08,,112.61,,,9580000.0
2019-05-09,,112.52,,,12210000.0
2019-05-10,,112.51,,,13190000.0
2019-05-13,,109.45,,,13780000.0
2019-05-14,,110.32,,,10500000.0
2019-05-15,,109.9,,,10140000.0
2019-05-16,,111.31,,,9670000.0
2019-05-17,,110.77,,,9570000.0
2019-05-20,,111.35,,,8520000.0
2019-05-21,,111.73,,,7970000.0
2019-05-22,,110.82,,,7920000.0
2019-05-23,,108.64,,,14560000.0
2019-05-24,,109.71,,,8540000.0
2019-05-28,,108.52,,,11670000.0
2019-05-29,,108.22,,,9970000.0
2019-05-30,,107.06,,,10370000.0
2019-05-31,,105.96,,,10950000.0
2019-06-03,,106.46,,,11680000.0
2019-06-04,,109.74,,,12860000.0
2019-06-05,,110.13,,,8340000.0
2019-06-06,,110.37,,,8730000.0
2019-06-07,,109.16,,,10620000.0
2019-06-10,,110.34,,,11380000.0
2019-06-11,,110.68,,,9850000.0
2019-06-12,,109.27,,,9670000.0
2019-06-13,,109.54,,,8410000.0
2019-06-14,,109.82,,,9080000.0
2019-06-17,,109.22,,,8130000.000000001
2019-06-18,,110.71,,,11060000.0
2019-06-19,,109.91,,,13130000.0
2019-06-20,,110.19,,,13640000.0
2019-06-21,,109.44,,,27090000.0
2019-06-24,,108.66,,,13040000.0
2019-06-25,,107.76,,,18660000.0
2019-06-26,,108.48,,,10320000.0
2019-06-27,,108.84,,,10910000.0
2019-06-28,,111.8,,,21630000.0
2019-07-01,,113.68,,,12760000.0
2019-07-02,,113.8,,,10180000.0
2019-07-03,,112.82,,,6850000.0
2019-07-05,,113.49,,,7930000.0
2019-07-08,,112.87,,,6920000.0
2019-07-09,,113.35,,,8950000.0
2019-07-10,,113.02,,,9240000.0
2019-07-11,,114.1,,,11600000.0
2019-07-12,,115.3,,,10780000.0
2019-07-15,,113.9,,,12950000.0
2019-07-16,,115.12,,,16940000.0
2019-07-17,,113.99,,,13120000.0
2019-07-18,,114.67,,,9400000.0
2019-07-19,,113.54,,,10400000.0
2019-07-22,,114.27,,,9060000.0
2019-07-23,,116.36,,,12750000.0
2019-07-24,,116.83,,,10010000.0
2019-07-25,,115.71,,,10140000.0
2019-07-26,,116.22,,,12800000.0
2019-07-29,,115.85,,,8500000.0
2019-07-30,,115.59,,,7120000.0
2019-07-31,,116.0,,,13650000.0
2019-08-01,,112.94,,,15660000.0
2019-08-02,,112.93,,,11030000.0
2019-08-05,,109.57,,,15860000.0
2019-08-06,,110.43,,,10200000.0
2019-08-07,,108.03,,,17320000.0
2019-08-08,,109.86,,,10900000.0
2019-08-09,,109.74,,,9980000.0
2019-08-12,,107.68,,,9390000.0
2019-08-13,,109.34,,,12240000.0
2019-08-14,,104.8,,,19490000.0
2019-08-15,,105.2,,,13370000.0
2019-08-16,,107.72,,,11830000.0
2019-08-19,,108.69,,,8270000.0
2019-08-20,,107.31,,,8380000.000000001
2019-08-21,,107.61,,,8189999.999999999
2019-08-22,,108.72,,,9340000.0
2019-08-23,,106.02,,,14760000.0
2019-08-26,,106.87,,,8210000.000000001
2019-08-27,,105.74,,,14340000.0
2019-08-28,,106.8,,,10590000.0
2019-08-29,,109.22,,,10000000.0
2019-08-30,,109.86,,,10170000.0
2019-09-03,,108.56,,,9870000.0
2019-09-04,,109.87,,,6940000.0
2019-09-05,,112.37,,,13230000.0
2019-09-06,,112.61,,,7840000.0
2019-09-09,,115.4,,,13990000.0
2019-09-10,,116.87,,,14330000.0
2019-09-11,,117.19,,,9920000.0
2019-09-12,,117.91,,,12280000.0
2019-09-13,,120.23,,,16260000.000000002
2019-09-16,,119.16,,,11990000.0
2019-09-17,,118.57,,,10820000.0
2019-09-18,,119.76,,,10720000.0
2019-09-19,,119.38,,,9460000.0
2019-09-20,,118.9,,,22080000.0
2019-09-23,,118.88,,,9180000.0
2019-09-24,,117.33,,,11850000.0
2019-09-25,,118.0,,,10270000.0
2019-09-26,,117.03,,,9920000.0
2019-09-27,,117.72,,,10210000.0
2019-09-30,,117.69,,,9800000.0
2019-10-01,,115.55,,,11330000.0
2019-10-02,,113.25,,,12630000.0
2019-10-03,,112.19,,,13100000.0
2019-10-04,,114.62,,,9620000.0
2019-10-07,,114.37,,,6820000.0
2019-10-08,,111.82,,,11590000.0
2019-10-09,,112.63,,,7340000.0
2019-10-10,,114.21,,,11390000.0
2019-10-11,,116.14,,,15190000.0
2019-10-14,,116.45,,,8880000.0
2019-10-15,,119.96,,,30520000.0
2019-10-16,,119.68,,,11630000.0
2019-10-17,,120.35,,,11060000.0
2019-10-18,,120.56,,,10420000.0
2019-10-21,,123.55,,,13270000.0
2019-10-22,,124.79,,,12660000.0
2019-10-23,,125.12,,,9400000.0
2019-10-24,,125.03,,,8060000.000000001
2019-10-25,,126.03,,,9060000.0
2019-10-28,,126.51,,,9520000.0
2019-10-29,,126.43,,,9800000.0
2019-10-30,,125.73,,,8510000.0
2019-10-31,,124.92,,,11590000.0
2019-11-01,,127.8,,,11680000.0
2019-11-04,,128.82,,,9160000.0
2019-11-05,,129.1,,,13750000.0
2019-11-06,,129.3,,,11230000.0
2019-11-07,,130.0,,,13530000.0
2019-11-08,,130.38,,,9290000.0
2019-11-11,,129.92,,,8680000.0
2019-11-12,,129.16,,,9100000.0
2019-11-13,,128.48,,,8100000.0
2019-11-14,,128.6,,,8480000.0
2019-11-15,,129.53,,,10160000.0
2019-11-18,,130.62,,,8750000.0
2019-11-19,,130.58,,,8820000.0
2019-11-20,,129.63,,,11790000.0
2019-11-21,,129.93,,,7710000.0
2019-11-22,,130.79,,,8170000.0
2019-11-25,,131.49,,,10070000.0
2019-11-26,,131.67,,,10490000.0
2019-11-27,,132.06,,,6610000.0
2019-11-29,,131.76,,,5710000.0
2019-12-02,,131.47,,,8620000.0
2019-12-03,,129.78,,,10650000.0
2019-12-04,,132.34,,,10320000.0
2019-12-05,,133.06,,,9590000.0
2019-12-06,,135.04,,,10170000.0
2019-12-09,,134.41,,,8580000.0
2019-12-10,,134.5,,,7530000.0
2019-12-11,,134.18,,,9010000.0
2019-12-12,,138.02,,,13730000.0
2019-12-13,,136.81,,,10590000.0
2019-12-16,,137.34,,,11370000.0
2019-12-17,,138.18,,,11550000.0
2019-12-18,,138.04,,,10380000.0
2019-12-19,,137.35,,,9350000.0
2019-12-20,,137.24,,,29990000.0
2019-12-23,,137.2,,,9740000.0
2019-12-24,,137.58,,,3320000.0
2019-12-26,,139.04,,,6770000.0
2019-12-27,,139.14,,,7870000.0
2019-12-30,,138.63,,,6960000.0
2019-12-31,,139.4,,,7200000.0
2020-01-02,,141.09,,,10810000.0
2020-01-03,,138.34,,,10390000.0
2020-01-06,,138.23,,,10270000.0
2020-01-07,,135.88,,,10580000.0
2020-01-08,,136.94,,,9700000.0
2020-01-09,,137.44,,,9470000.0
2020-01-10,,136.07,,,10190000.0
2020-01-13,,137.2,,,12380000.0
2020-01-14,,138.8,,,24940000.0
2020-01-15,,136.72,,,16290000.0
2020-01-16,,137.25,,,10780000.0
2020-01-17,,138.2,,,14700000.0
2020-01-21,,136.84,,,8470000.0
2020-01-22,,136.68,,,7550000.0
2020-01-23,,136.54,,,9350000.0
2020-01-24,,133.15,,,15170000.0
2020-01-27,,132.03,,,12860000.0
2020-01-28,,134.43,,,13060000.0
2020-01-29,,134.23,,,9330000.0
2020-01-30,,135.89,,,9050000.0
2020-01-31,,132.36,,,12790000.0
2020-02-03,,133.37,,,10020000.0
2020-02-04,,135.29,,,9160000.0
2020-02-05,,137.59,,,10150000.0
2020-02-06,,137.61,,,8990000.0
2020-02-07,,137.17,,,6380000.0
2020-02-10,,137.74,,,5960000.0
2020-02-11,,138.0,,,6580000.0
2020-02-12,,138.0,,,7960000.0
2020-02-13,,137.88,,,7450000.0
2020-02-14,,137.46,,,6630000.0
2020-02-18,,135.64,,,9000000.0
2020-02-19,,137.49,,,7070000.0
2020-02-20,,137.49,,,7420000.0
2020-02-21,,135.81,,,9770000.0
2020-02-24,,132.16,,,13620000.0
2020-02-25,,126.26,,,20800000.0
2020-02-26,,126.64,,,24840000.0
2020-02-27,,121.37,,,23010000.0
2020-02-28,,116.11,,,45940000.0
2020-03-02,,121.52,,,27360000.0
2020-03-03,,116.96,,,32550000.0
2020-03-04,,119.85,,,25800000.0
2020-03-05,,113.97,,,25030000.0
2020-03-06,,108.08,,,38160000.0
2020-03-09,,93.44,,,40350000.0
2020-03-10,,100.7,,,31100000.0
2020-03-11,,95.96,,,38160000.0
2020-03-12,,88.05,,,49730000.0
2020-03-13,,103.91,,,38540000.0
2020-03-16,,88.36,,,38590000.0
2020-03-17,,93.76,,,35240000.0
2020-03-18,,83.89,,,41530000.0
2020-03-19,,85.3,,,32180000.0
2020-03-20,,83.5,,,30150000.0
2020-03-23,,79.03,,,32540000.0
2020-03-24,,88.43,,,34360000.0
2020-03-25,,91.73,,,38110000.0
2020-03-26,,98.12,,,29840000.0
2020-03-27,,91.13,,,30040000.0
2020-03-30,,93.5,,,21660000.0
2020-03-31,,90.03,,,23380000.0
2020-04-01,,84.36,,,28030000.0
2020-04-02,,87.51,,,24020000.0
2020-04-03,,84.05,,,21200000.0
2020-04-06,,89.46,,,26820000.0
2020-04-07,,90.64,,,22560000.0
2020-04-08,,94.3,,,22900000.0
2020-04-09,,102.76,,,42080000.0
2020-04-13,,98.19,,,26910000.0
2020-04-14,,95.5,,,46150000.0
2020-04-15,,90.79,,,30120000.0
2020-04-16,,87.33,,,32450000.000000004
2020-04-17,,95.18,,,30190000.0
2020-04-20,,91.71,,,23680000.0
2020-04-21,,89.05,,,23040000.0
2020-04-22,,89.34,,,16710000.0
2020-04-23,,89.39,,,16640000.0
2020-04-24,,90.71,,,15820000.0
2020-04-27,,94.62,,,22870000.0
2020-04-28,,95.29,,,20240000.0
2020-04-29,,97.86,,,20460000.0
2020-04-30,,95.76,,,19130000.0
2020-05-01,,93.25,,,18550000.0
2020-05-04,,92.14,,,15730000.0
2020-05-05,,92.0,,,18060000.0
2020-05-06,,90.27,,,20980000.0
2020-05-07,,91.21,,,16770000.0
2020-05-08,,92.7,,,20490000.0
2020-05-11,,89.97,,,31910000.0
2020-05-12,,87.03,,,27960000.0
2020-05-13,,84.03,,,35450000.0
2020-05-14,,87.52,,,35150000.0
2020-05-15,,85.9,,,26100000.0
2020-05-18,,90.45,,,30530000.0
2020-05-19,,88.67,,,19600000.0
2020-05-20,,91.33,,,20550000.0
2020-05-21,,90.17,,,14620000.0
2020-05-22,,89.47,,,13560000.0
2020-05-26,,95.82,,,41230000.0
2020-05-27,,101.37,,,39400000.0
2020-05-28,,99.86,,,24740000.0
2020-05-29,,97.31,,,26540000.0
2020-06-01,,98.6,,,15210000.0
2020-06-02,,98.93,,,21190000.0
2020-06-03,,104.27,,,25940000.0
2020-06-04,,106.44,,,26780000.0
2020-06-05,,111.23,,,42230000.0
2020-06-08,,113.45,,,24880000.0
2020-06-09,,110.54,,,17030000.0
2020-06-10,,106.06,,,24910000.0
2020-06-11,,97.21,,,36260000.0
2020-06-12,,99.87,,,24860000.0
2020-06-15,,101.25,,,22150000.0
2020-06-16,,102.06,,,22190000.0
2020-06-17,,99.48,,,15640000.0
2020-06-18,,98.94,,,16590000.0
2020-06-19,,97.81,,,40370000.0
2020-06-22,,96.75,,,16219999.999999998
2020-06-23,,97.93,,,15380000.0
2020-06-24,,94.66,,,22920000.0
2020-06-25,,97.96,,,25740000.0
2020-06-26,,92.59,,,41900000.0
2020-06-29,,93.0,,,18500000.0
2020-06-30,,94.06,,,19140000.0
2020-07-01,,93.26,,,18760000.0
2020-07-02,,92.66,,,27850000.0
2020-07-06,,95.0,,,18630000.0
2020-07-07,,92.32,,,25760000.0
2020-07-08,,93.3,,,18760000.0
2020-07-09,,91.28,,,25600000.0
2020-07-10,,96.27,,,28950000.0
2020-07-13,,97.65,,,32080000.0
2020-07-14,,98.21,,,42730000.0
2020-07-15,,99.73,,,22510000.0
2020-07-16,,100.01,,,16890000.0
2020-07-17,,98.16,,,16160000.0
2020-07-20,,97.3,,,14460000.0
2020-07-21,,99.41,,,17810000.0
2020-07-22,,98.69,,,14270000.0
2020-07-23,,98.98,,,12870000.0
2020-07-24,,98.28,,,12740000.0
2020-07-27,,96.9,,,11960000.0
2020-07-28,,97.32,,,11750000.0
2020-07-29,,99.68,,,12740000.0
2020-07-30,,97.02,,,14830000.0
2020-07-31,,96.64,,,14540000.0
2020-08-03,,96.1,,,12970000.0
2020-08-04,,95.55,,,13370000.0
2020-08-05,,97.21,,,15350000.0
2020-08-06,,97.24,,,10480000.0
2020-08-07,,99.38,,,14740000.0
2020-08-10,,100.64,,,14990000.0
2020-08-11,,103.82,,,31520000.0
2020-08-12,,102.94,,,19250000.0
2020-08-13,,102.37,,,13600000.0
2020-08-14,,102.41,,,12130000.0
2020-08-17,,99.71,,,14990000.0
2020-08-18,,98.32,,,13250000.0
2020-08-19,,98.55,,,13530000.0
2020-08-20,,97.37,,,13670000.0
2020-08-21,,97.32,,,12230000.0
2020-08-24,,100.06,,,17900000.0
2020-08-25,,100.5,,,13650000.0
2020-08-26,,99.09,,,12050000.0
2020-08-27,,102.35,,,22160000.0
2020-08-28,,102.77,,,13760000.0
2020-08-31,,100.19,,,14220000.0
2020-09-01,,100.14,,,11600000.0
2020-09-02,,101.65,,,14480000.0
2020-09-03,,101.33,,,23280000.0
2020-09-04,,103.52,,,26330000.0
2020-09-08,,99.92,,,22110000.0
2020-09-09,,100.87,,,13430000.0
2020-09-10,,99.83,,,15920000.0
2020-09-11,,101.07,,,13780000.0
2020-09-14,,102.47,,,19020000.0
2020-09-15,,99.28,,,23680000.0
2020-09-16,,99.7,,,19280000.0
2020-09-17,,98.56,,,18290000.0
2020-09-18,,98.35,,,20120000.0
2020-09-21,,95.31,,,28380000.0
2020-09-22,,94.27,,,19260000.0
2020-09-23,,92.74,,,19950000.0
2020-09-24,,92.66,,,18370000.0
2020-09-25,,93.47,,,13290000.0
2020-09-28,,96.16,,,20890000.0
2020-09-29,,95.35,,,12850000.0
2020-09-30,,96.27,,,16399999.999999998
2020-10-01,,96.97,,,15780000.0
2020-10-02,,97.89,,,15150000.0
2020-10-05,,99.04,,,13870000.0
2020-10-06,,98.02,,,19220000.0
2020-10-07,,99.73,,,16360000.0
2020-10-08,,101.78,,,15660000.0
2020-10-09,,101.2,,,13690000.0
2020-10-12,,102.44,,,16059999.999999998
2020-10-13,,100.78,,,21700000.0
2020-10-14,,100.22,,,15210000.0
2020-10-15,,101.72,,,17170000.0
2020-10-16,,101.51,,,13280000.0
2020-10-19,,99.8,,,11730000.0
2020-10-20,,100.37,,,11260000.0
2020-10-21,,99.37,,,10730000.0
2020-10-22,,102.88,,,14840000.0
2020-10-23,,103.81,,,15090000.0
2020-10-26,,101.24,,,12410000.0
2020-10-27,,99.33,,,10390000.0
2020-10-28,,96.54,,,16390000.0
2020-10-29,,97.17,,,14210000.0
2020-10-30,,98.04,,,15200000.0
2020-11-02,,100.25,,,15010000.0
2020-11-03,,103.41,,,17480000.0
2020-11-04,,100.25,,,18890000.0
2020-11-05,,104.35,,,17840000.0
2020-11-06,,102.96,,,12550000.0
2020-11-09,,116.9,,,47790000.0
2020-11-10,,116.52,,,20540000.0
2020-11-11,,114.78,,,14440000.0
2020-11-12,,113.37,,,22070000.0
2020-11-13,,114.08,,,11860000.0
2020-11-16,,117.3,,,19860000.0
2020-11-17,,116.11,,,14550000.0
2020-11-18,,115.25,,,12570000.0
2020-11-19,,115.56,,,10200000.0
2020-11-20,,114.57,,,12720000.0
2020-11-23,,117.87,,,13210000.0
2020-11-24,,123.32,,,20120000.0
2020-11-25,,122.03,,,11720000.0
2020-11-27,,121.22,,,5980000.0
2020-11-30,,117.88,,,14410000.0
2020-12-01,,119.74,,,12680000.0
2020-12-02,,122.04,,,10810000.0
2020-12-03,,121.24,,,12900000.0
2020-12-04,,122.34,,,13580000.0
2020-12-07,,121.88,,,9720000.0
2020-12-08,,122.0,,,9590000.0
2020-12-09,,121.05,,,13070000.0
2020-12-10,,120.27,,,13670000.0
2020-12-11,,119.56,,,9980000.0
2020-12-14,,118.3,,,12110000.0
2020-12-15,,120.32,,,12590000.0
2020-12-16,,120.67,,,11170000.0
2020-12-17,,119.67,,,11620000.0
2020-12-18,,119.08,,,28950000.0
2020-12-21,,123.55,,,28320000.0
2020-12-22,,121.67,,,11810000.0
2020-12-23,,125.07,,,14970000.0
2020-12-24,,124.52,,,4160000.0
2020-12-28,,125.34,,,8070000.0
2020-12-29,,125.01,,,8390000.0
2020-12-30,,125.36,,,7400000.0
2020-12-31,,127.07,,,8580000.0
2021-01-04,,125.87,,,16820000.0
2021-01-05,,125.65,,,13730000.0
2021-01-06,,131.55,,,24910000.0
2021-01-07,,135.87,,,21940000.0
2021-01-08,,136.02,,,12040000.0
2021-01-11,,138.05,,,15950000.0
2021-01-12,,140.22,,,18030000.0
2021-01-13,,140.35,,,14820000.0
2021-01-14,,141.17,,,18570000.0
2021-01-15,,138.64,,,27880000.0
2021-01-19,,138.04,,,19840000.0
2021-01-20,,135.97,,,16030000.000000002
2021-01-21,,134.83,,,13420000.0
2021-01-22,,133.79,,,12930000.0
2021-01-25,,132.12,,,14210000.0
2021-01-26,,131.58,,,11310000.0
2021-01-27,,127.86,,,17600000.0
2021-01-28,,130.11,,,13760000.0
2021-01-29,,128.67,,,14810000.0
2021-02-01,,129.62,,,11080000.0
2021-02-02,,133.61,,,12250000.0
2021-02-03,,135.14,,,10600000.0
2021-02-04,,138.25,,,12420000.0
2021-02-05,,137.98,,,10050000.0
2021-02-08,,140.14,,,10140000.0
2021-02-09,,139.58,,,8610000.0
2021-02-10,,139.66,,,10320000.0
2021-02-11,,139.27,,,9200000.0
2021-02-12,,141.25,,,8320000.0
2021-02-16,,144.65,,,12130000.0
2021-02-17,,145.1,,,10830000.0
2021-02-18,,145.59,,,10590000.0
2021-02-19,,148.02,,,11970000.0
2021-02-22,,149.41,,,11490000.0
2021-02-23,,150.61,,,16230000.0
2021-02-24,,153.26,,,15060000.0
2021-02-25,,151.18,,,18130000.0
2021-02-26,,147.17,,,19830000.0
2021-03-01,,150.5,,,14850000.0
2021-03-02,,150.01,,,14220000.0
2021-03-03,,152.91,,,14320000.0
2021-03-04,,150.56,,,20090000.0
2021-03-05,,150.91,,,18470000.0
2021-03-08,,152.91,,,17130000.0
2021-03-09,,151.83,,,16239999.999999998
2021-03-10,,155.13,,,14340000.0
2021-03-11,,154.32,,,11770000.0
2021-03-12,,156.15,,,12850000.0
2021-03-15,,155.37,,,12100000.0
2021-03-16,,153.51,,,12810000.0
2021-03-17,,155.09,,,13950000.0
2021-03-18,,157.65,,,21900000.0
2021-03-19,,155.14,,,54420000.0
2021-03-22,,150.97,,,19940000.0
2021-03-23,,149.46,,,17080000.0
2021-03-24,,150.62,,,13080000.0
2021-03-25,,152.55,,,15610000.0
2021-03-26,,155.09,,,16750000.0
2021-03-29,,152.68,,,17570000.0
2021-03-30,,154.48,,,13180000.0
2021-03-31,,152.23,,,16739999.999999998
2021-04-01,,153.71,,,16559999.999999998
2021-04-05,,153.62,,,13510000.0
2021-04-06,,152.54,,,13070000.0
2021-04-07,,154.93,,,16900000.0
2021-04-08,,155.12,,,12340000.0
2021-04-09,,156.28,,,12120000.0
2021-04-12,,155.95,,,12270000.0
2021-04-13,,154.09,,,16110000.0
2021-04-14,,151.21,,,19940000.0
2021-04-15,,152.17,,,17690000.0
2021-04-16,,153.3,,,13770000.0
2021-04-19,,152.65,,,11900000.0
2021-04-20,,149.27,,,13720000.0
2021-04-21,,150.54,,,12240000.0
2021-04-22,,147.37,,,15260000.0
2021-04-23,,150.19,,,14040000.0
2021-04-26,,150.56,,,10800000.0
2021-04-27,,151.25,,,12820000.0
2021-04-28,,152.23,,,8940000.0
2021-04-29,,155.19,,,12980000.0
2021-04-30,,153.81,,,11710000.0
2021-05-03,,153.36,,,11800000.0
2021-05-04,,155.48,,,12980000.0
2021-05-05,,157.52,,,10510000.0
2021-05-06,,160.69,,,13540000.0
2021-05-07,,161.24,,,14260000.0
2021-05-10,,161.22,,,14010000.0
2021-05-11,,158.54,,,15450000.0
2021-05-12,,157.45,,,14380000.0
2021-05-13,,161.5,,,15400000.0
2021-05-14,,164.01,,,10580000.0
2021-05-17,,164.67,,,9890000.0
2021-05-18,,162.35,,,11100000.0
2021-05-19,,161.11,,,13280000.0
2021-05-20,,160.83,,,10430000.0
2021-05-21,,162.66,,,10250000.0
2021-05-24,,163.54,,,9440000.0
2021-05-25,,161.85,,,12610000.0
2021-05-26,,161.83,,,13060000.0
2021-05-27,,164.35,,,15710000.0
2021-05-28,,164.24,,,10290000.0
2021-06-01,,166.05,,,9450000.0
2021-06-02,,166.06,,,10500000.0
2021-06-03,,166.17,,,13350000.0
2021-06-04,,166.44,,,8510000.0
2021-06-07,,165.66,,,7270000.0
2021-06-08,,165.0,,,10370000.0
2021-06-09,,162.94,,,12380000.0
2021-06-10,,160.4,,,12120000.0
2021-06-11,,160.29,,,13680000.0
2021-06-14,,157.57,,,19920000.0
2021-06-15,,155.18,,,24490000.0
2021-06-16,,156.27,,,25320000.0
2021-06-17,,151.76,,,29720000.0
2021-06-18,,147.92,,,43600000.0
2021-06-21,,150.43,,,18660000.0
2021-06-22,,150.21,,,14250000.0
2021-06-23,,151.12,,,12730000.0
2021-06-24,,152.51,,,13730000.0
2021-06-25,,154.05,,,15480000.0
2021-06-28,,154.33,,,14130000.0
2021-06-29,,154.14,,,14530000.0
2021-06-30,,155.54,,,12530000.0
2021-07-01,,157.08,,,10480000.0
2021-07-02,,156.03,,,11430000.0
2021-07-06,,153.41,,,15080000.0
2021-07-07,,153.59,,,12270000.0
2021-07-08,,150.94,,,17830000.0
2021-07-09,,155.77,,,13690000.0
2021-07-12,,158.0,,,19940000.0
2021-07-13,,155.65,,,22670000.0
2021-07-14,,155.12,,,14620000.0
2021-07-15,,155.46,,,11540000.0
2021-07-16,,151.91,,,14000000.0
2021-07-19,,146.97,,,22170000.0
2021-07-20,,149.71,,,15390000.0
2021-07-21,,152.86,,,12360000.0
2021-07-22,,150.93,,,9910000.0
2021-07-23,,150.64,,,9670000.0
2021-07-26,,151.65,,,8210000.000000001
2021-07-27,,151.45,,,11220000.0
2021-07-28,,151.7,,,9220000.0
2021-07-29,,153.0,,,9060000.0
2021-07-30,,151.78,,,9810000.0
2021-08-02,,151.17,,,10200000.0
2021-08-03,,152.89,,,10390000.0
2021-08-04,,151.24,,,10150000.0
2021-08-05,,153.15,,,9150000.0
2021-08-06,,157.5,,,13330000.0
2021-08-09,,157.33,,,9520000.0
2021-08-10,,159.26,,,8670000.0
2021-08-11,,161.16,,,9160000.0
2021-08-12,,161.79,,,8850000.0
2021-08-13,,159.98,,,8980000.0
2021-08-16,,158.93,,,8760000.0
2021-08-17,,157.01,,,9350000.0
2021-08-18,,155.58,,,8070000.0
2021-08-19,,154.28,,,9520000.0
2021-08-20,,154.72,,,6970000.0
2021-08-23,,156.7,,,7930000.0
2021-08-24,,157.67,,,7670000.0
2021-08-25,,160.92,,,11340000.0
2021-08-26,,161.75,,,11030000.0
2021-08-27,,163.05,,,8780000.0
2021-08-30,,160.44,,,7940000.0
2021-08-31,,159.95,,,12340000.0
2021-09-01,,159.72,,,8730000.0
2021-09-02,,160.46,,,8820000.0
2021-09-03,,159.49,,,7960000.0
2021-09-07,,159.21,,,9290000.0
2021-09-08,,158.5,,,7850000.0
2021-09-09,,159.19,,,7900000.0
2021-09-10,,157.36,,,8310000.000000001
2021-09-13,,159.86,,,10050000.0
2021-09-14,,157.07,,,11690000.0
2021-09-15,,158.16,,,11690000.0
2021-09-16,,158.09,,,10880000.0
2021-09-17,,157.68,,,25610000.0
2021-09-20,,152.96,,,15820000.0
2021-09-21,,152.98,,,9000000.0
2021-09-22,,155.91,,,11240000.0
2021-09-23,,161.18,,,12340000.0
2021-09-24,,163.04,,,10100000.0
2021-09-27,,166.98,,,13220000.0
2021-09-28,,166.08,,,13390000.0
2021-09-29,,165.95,,,7780000.0
2021-09-30,,163.69,,,13170000.0
2021-10-01,,167.13,,,11280000.0
2021-10-04,,166.95,,,14120000.0
2021-10-05,,168.66,,,12290000.0
2021-10-06,,169.02,,,8690000.0
2021-10-07,,170.09,,,10200000.0
2021-10-08,,170.22,,,8189999.999999999
2021-10-11,,166.64,,,12150000.0
2021-10-12,,165.36,,,13030000.0
2021-10-13,,161.0,,,22750000.0
2021-10-14,,163.47,,,15180000.0
2021-10-15,,166.61,,,14270000.0
2021-10-18,,166.55,,,12670000.0
2021-10-19,,168.57,,,8050000.000000001
2021-10-20,,170.84,,,8189999.999999999
2021-10-21,,169.5,,,8420000.0
2021-10-22,,171.78,,,8820000.0
2021-10-25,,170.94,,,10160000.0
2021-10-26,,171.4,,,8020000.0
2021-10-27,,167.83,,,9850000.0
2021-10-28,,170.36,,,7210000.0
2021-10-29,,169.89,,,8140000.000000001
2021-11-01,,169.8,,,7440000.0
2021-11-02,,170.47,,,7170000.0
2021-11-03,,170.53,,,8400000.0
2021-11-04,,168.29,,,9570000.0
2021-11-05,,168.05,,,7980000.0
2021-11-08,,169.06,,,6410000.0
2021-11-09,,167.78,,,7990000.0
2021-11-10,,167.62,,,7000000.0
2021-11-11,,167.61,,,5820000.0
2021-11-12,,166.86,,,8109999.999999999
2021-11-15,,166.56,,,6490000.0
2021-11-16,,165.36,,,9710000.0
2021-11-17,,164.47,,,9910000.0
2021-11-18,,163.05,,,8119999.999999999
2021-11-19,,160.92,,,12190000.0
2021-11-22,,164.35,,,14550000.0
2021-11-23,,168.28,,,12360000.0
2021-11-24,,166.96,,,9630000.0
2021-11-26,,161.93,,,13620000.0
2021-11-29,,161.23,,,12100000.0
2021-11-30,,158.83,,,18920000.0
2021-12-01,,157.89,,,12260000.0
2021-12-02,,161.21,,,12970000.0
2021-12-03,,158.29,,,12680000.0
2021-12-06,,160.16,,,11190000.0
2021-12-07,,162.57,,,9850000.0
2021-12-08,,160.71,,,11710000.0
2021-12-09,,160.46,,,11190000.0
2021-12-10,,159.82,,,10410000.0
2021-12-13,,157.92,,,12070000.0
2021-12-14,,159.13,,,12560000.0
2021-12-15,,157.94,,,14010000.0
2021-12-16,,160.41,,,19540000.0
2021-12-17,,156.76,,,28140000.0
2021-12-20,,153.94,,,15150000.0
2021-12-21,,156.09,,,11290000.0
2021-12-22,,156.7,,,7270000.0
2021-12-23,,157.26,,,8060000.000000001
2021-12-27,,158.16,,,6190000.0
2021-12-28,,158.64,,,6340000.0
2021-12-29,,158.56,,,6400000.0
2021-12-30,,158.48,,,6950000.0
2021-12-31,,158.35,,,5810000.0
2022-01-03,,161.7,,,13130000.0
2022-01-04,,167.83,,,20200000.0
2022-01-05,,163.78,,,17540000.0
2022-01-06,,165.52,,,14050000.0
2022-01-07,,167.16,,,13910000.0
2022-01-10,,167.32,,,12920000.0
2022-01-11,,167.49,,,11850000.0
2022-01-12,,168.44,,,12570000.0
2022-01-13,,168.23,,,13620000.0
2022-01-14,,157.89,,,40160000.0
2022-01-18,,151.27,,,32350000.0
2022-01-19,,148.93,,,22380000.0
2022-01-20,,147.66,,,14860000.0
2022-01-21,,145.08,,,20710000.0
2022-01-24,,144.95,,,28500000.0
2022-01-25,,146.53,,,18920000.0
2022-01-26,,147.92,,,20710000.0
2022-01-27,,145.31,,,17540000.0
2022-01-28,,146.61,,,14120000.0
2022-01-31,,148.6,,,13990000.0
2022-02-01,,151.15,,,14580000.0
2022-02-02,,149.94,,,12440000.0
2022-02-03,,148.7,,,12470000.0
2022-02-04,,152.56,,,16649999.999999998
2022-02-07,,153.07,,,12570000.0
2022-02-08,,155.95,,,20410000.0
2022-02-09,,156.6,,,9130000.0
2022-02-10,,155.95,,,16460000.0
2022-02-11,,153.92,,,16830000.0
2022-02-14,,152.49,,,17030000.0
2022-02-15,,154.72,,,9500000.0
2022-02-16,,155.0,,,9080000.0
2022-02-17,,151.43,,,11370000.0
2022-02-18,,152.14,,,11730000.0
2022-02-22,,151.87,,,11330000.0
2022-02-23,,148.69,,,11800000.0
2022-02-24,,144.55,,,25660000.0
2022-02-25,,147.97,,,18370000.0
2022-02-28,,141.8,,,31320000.0
2022-03-01,,136.45,,,36840000.0
2022-03-02,,139.28,,,19410000.0
2022-03-03,,138.29,,,16640000.0
2022-03-04,,134.4,,,21020000.0
2022-03-07,,129.21,,,27560000.0
2022-03-08,,128.3,,,19210000.0
2022-03-09,,133.44,,,17540000.0
2022-03-10,,131.86,,,15600000.0
2022-03-11,,128.89,,,20060000.0
2022-03-14,,130.17,,,15790000.0
2022-03-15,,132.48,,,15100000.0
2022-03-16,,138.4,,,20350000.0
2022-03-17,,140.15,,,17050000.0
2022-03-18,,140.1,,,23660000.0
2022-03-21,,139.65,,,12680000.0
2022-03-22,,142.62,,,13550000.0
2022-03-23,,139.78,,,12090000.0
2022-03-24,,140.69,,,10020000.0
2022-03-25,,141.92,,,8390000.0
2022-03-28,,140.87,,,10820000.0
2022-03-29,,141.18,,,11320000.0
2022-03-30,,140.54,,,8770000.0
2022-03-31,,136.32,,,17350000.0
2022-04-01,,135.31,,,15720000.0
2022-04-04,,135.91,,,17420000.0
2022-04-05,,133.34,,,12110000.0
2022-04-06,,131.49,,,12910000.0
2022-04-07,,131.09,,,12990000.0
2022-04-08,,133.49,,,13130000.0
2022-04-11,,133.0,,,10470000.0
2022-04-12,,131.54,,,12990000.0
2022-04-13,,127.3,,,30840000.0
2022-04-14,,126.12,,,18840000.0
2022-04-18,,128.46,,,11830000.0
2022-04-19,,131.12,,,15020000.0
2022-04-20,,131.58,,,13430000.0
2022-04-21,,130.56,,,12170000.0
2022-04-22,,126.81,,,14320000.0
2022-04-25,,126.77,,,17150000.0
2022-04-26,,123.02,,,17210000.0
2022-04-27,,121.42,,,17220000.0
2022-04-28,,123.34,,,13020000.0
2022-04-29,,119.36,,,14870000.0
2022-05-02,,120.45,,,18540000.0
2022-05-03,,123.03,,,15720000.0
2022-05-04,,127.1,,,17130000.0
2022-05-05,,123.92,,,15060000.0
2022-05-06,,123.72,,,14420000.0
2022-05-09,,121.86,,,14310000.0
2022-05-10,,118.89,,,16379999.999999998
2022-05-11,,118.14,,,14630000.0
2022-05-12,,118.04,,,16320000.0
2022-05-13,,119.09,,,10440000.0
2022-05-16,,118.26,,,10270000.0
2022-05-17,,122.18,,,11160000.0
2022-05-18,,120.09,,,12660000.0
2022-05-19,,118.31,,,12770000.0
2022-05-20,,117.34,,,13150000.0
2022-05-23,,124.6,,,24380000.0
2022-05-24,,126.36,,,19320000.0
2022-05-25,,127.24,,,12780000.0
2022-05-26,,129.44,,,15990000.0
2022-05-27,,131.27,,,11180000.0
2022-05-31,,132.23,,,17020000.0
2022-06-01,,129.91,,,10770000.0
2022-06-02,,132.0,,,8369999.999999999
2022-06-03,,130.16,,,8600000.0
2022-06-06,,129.73,,,11320000.0
2022-06-07,,130.07,,,6720000.0
2022-06-08,,128.0,,,8420000.0
2022-06-09,,125.31,,,13570000.0
2022-06-10,,119.55,,,12950000.0
2022-06-13,,115.99,,,16810000.0
2022-06-14,,114.06,,,13360000.0
2022-06-15,,115.41,,,14080000.0
2022-06-16,,113.43,,,16719999.999999998
2022-06-17,,113.03,,,30920000.0
2022-06-21,,115.83,,,11680000.0
2022-06-22,,115.18,,,9850000.0
2022-06-23,,113.92,,,11850000.0
2022-06-24,,117.32,,,14840000.0
2022-06-27,,116.38,,,11280000.0
2022-06-28,,115.82,,,11620000.0
2022-06-29,,115.3,,,9340000.0
2022-06-30,,112.61,,,15170000.0
2022-07-01,,114.05,,,10570000.0
2022-07-05,,112.62,,,12520000.0
2022-07-06,,111.89,,,10660000.0
2022-07-07,,114.72,,,10350000.0
2022-07-08,,114.36,,,8810000.0
2022-07-11,,112.86,,,7940000.0
2022-07-12,,112.97,,,11250000.0
2022-07-13,,111.91,,,12980000.0
2022-07-14,,108.0,,,26200000.0
2022-07-15,,112.95,,,18860000.0
2022-07-18,,111.79,,,13980000.0
2022-07-19,,114.56,,,11860000.0
2022-07-20,,114.54,,,11670000.0
2022-07-21,,115.32,,,11600000.0
2022-07-22,,114.76,,,7650000.0
2022-07-25,,115.22,,,9390000.0
2022-07-26,,113.42,,,10680000.0
2022-07-27,,115.24,,,9270000.0
2022-07-28,,114.81,,,10380000.0
2022-07-29,,115.36,,,12940000.0
2022-08-01,,114.21,,,14740000.0
2022-08-02,,112.43,,,14940000.0
2022-08-03,,113.61,,,14390000.0
2022-08-04,,112.36,,,18030000.0
2022-08-05,,115.76,,,14170000.0
2022-08-08,,114.35,,,10340000.0
2022-08-09,,115.38,,,10230000.0
2022-08-10,,118.39,,,12850000.0
2022-08-11,,120.14,,,11680000.0
2022-08-12,,122.13,,,9910000.0
2022-08-15,,122.46,,,8460000.0
2022-08-16,,123.63,,,9550000.0
2022-08-17,,122.59,,,8150000.0
2022-08-18,,121.64,,,9530000.0
2022-08-19,,118.63,,,13460000.0
2022-08-22,,116.67,,,8970000.0
2022-08-23,,115.52,,,7610000.0
2022-08-24,,115.8,,,9770000.0
2022-08-25,,118.55,,,10760000.0
2022-08-26,,114.67,,,11280000.0
2022-08-29,,114.39,,,8119999.999999999
2022-08-30,,114.41,,,10750000.0
2022-08-31,,113.73,,,10740000.0
2022-09-01,,114.51,,,9980000.0
2022-09-02,,113.71,,,10670000.0
2022-09-06,,113.74,,,9750000.0
2022-09-07,,115.9,,,10650000.0
2022-09-08,,118.6,,,11430000.0
2022-09-09,,119.17,,,9300000.0
2022-09-12,,120.58,,,8610000.0
2022-09-13,,116.39,,,12900000.0
2022-09-14,,116.12,,,9350000.0
2022-09-15,,117.87,,,10820000.0
2022-09-16,,117.08,,,14840000.0
2022-09-19,,118.16,,,8199999.999999999
2022-09-20,,115.83,,,9620000.0
2022-09-21,,112.49,,,12610000.0
2022-09-22,,111.21,,,11680000.0
2022-09-23,,109.14,,,18140000.0
2022-09-26,,106.79,,,15750000.0
2022-09-27,,105.85,,,12790000.0
2022-09-28,,107.99,,,12760000.0
2022-09-29,,106.16,,,12710000.0
2022-09-30,,104.5,,,15970000.0
2022-10-03,,107.73,,,12250000.0
2022-10-04,,112.77,,,16010000.000000002
2022-10-05,,110.39,,,10940000.0
2022-10-06,,108.14,,,11520000.0
2022-10-07,,105.98,,,11680000.0
2022-10-10,,104.99,,,8930000.0
2022-10-11,,101.96,,,12740000.0
2022-10-12,,103.61,,,13180000.0
2022-10-13,,109.37,,,22400000.0
2022-10-14,,111.19,,,33420000.0
2022-10-17,,115.86,,,22280000.0
2022-10-18,,118.84,,,21540000.0
2022-10-19,,116.51,,,17070000.0
2022-10-20,,116.13,,,12210000.0
2022-10-21,,122.23,,,20590000.0
2022-10-24,,122.38,,,12620000.0
2022-10-25,,122.7,,,11290000.0
2022-10-26,,124.11,,,11670000.0
2022-10-27,,124.6,,,10730000.0
2022-10-28,,126.08,,,11860000.0
2022-10-31,,125.88,,,13300000.0
2022-11-01,,128.15,,,13390000.0
2022-11-02,,126.97,,,16550000.0
2022-11-03,,127.2,,,12470000.0
2022-11-04,,130.68,,,14350000.0
2022-11-07,,131.37,,,12010000.0
2022-11-08,,131.45,,,9880000.0
2022-11-09,,129.74,,,9490000.0
2022-11-10,,135.08,,,16350000.000000002
2022-11-11,,135.3,,,10700000.0
2022-11-14,,133.91,,,11090000.0
2022-11-15,,132.94,,,14040000.0
2022-11-16,,133.12,,,7890000.0
2022-11-17,,132.54,,,8820000.0
2022-11-18,,133.84,,,9470000.0
2022-11-21,,133.05,,,7800000.0
2022-11-22,,135.04,,,9190000.0
2022-11-23,,136.48,,,7320000.0
2022-11-25,,136.74,,,3220000.0
2022-11-28,,134.35,,,9910000.0
2022-11-29,,136.56,,,7930000.0
2022-11-30,,138.18,,,14760000.0
2022-12-01,,136.24,,,8860000.0
2022-12-02,,135.16,,,8930000.0
2022-12-05,,131.37,,,10150000.0
2022-12-06,,131.59,,,13970000.0
2022-12-07,,131.5,,,11740000.0
2022-12-08,,132.88,,,8910000.0
2022-12-09,,132.16,,,7960000.0
2022-12-12,,134.21,,,8840000.0
2022-12-13,,134.08,,,10030000.0
2022-12-14,,133.41,,,9970000.0
2022-12-15,,130.1,,,12090000.0
2022-12-16,,129.29,,,21130000.0
2022-12-19,,130.06,,,9020000.0
2022-12-20,,130.69,,,8550000.0
2022-12-21,,132.16,,,8050000.000000001
2022-12-22,,130.66,,,8650000.0
2022-12-23,,131.28,,,5090000.0
2022-12-27,,131.74,,,5410000.0
2022-12-28,,132.46,,,8830000.0
2022-12-29,,133.22,,,6590000.0
2022-12-30,,134.1,,,9290000.0
2023-01-03,,135.12,,,11050000.0
2023-01-04,,136.38,,,11690000.0
2023-01-05,,135.35,,,8380000.000000001
2023-01-06,,137.94,,,10030000.0
2023-01-09,,137.37,,,8480000.0
2023-01-10,,138.6,,,9050000.0
2023-01-11,,139.63,,,8700000.0
2023-01-12,,139.49,,,11000000.0
2023-01-13,,143.01,,,20200000.0
2023-01-17,,140.8,,,14290000.0
2023-01-18,,136.57,,,13390000.0
2023-01-19,,134.75,,,13300000.0
2023-01-20,,135.08,,,13090000.0
2023-01-23,,137.27,,,10490000.0
2023-01-24,,138.45,,,6940000.0
2023-01-25,,139.12,,,8970000.0
2023-01-26,,139.98,,,7490000.0
2023-01-27,,140.32,,,7490000.0
2023-01-30,,139.13,,,6730000.0
2023-01-31,,139.96,,,9190000.0
2023-02-01,,139.59,,,8840000.0
2023-02-02,,138.94,,,11820000.0
2023-02-03,,141.09,,,11500000.0
2023-02-06,,141.92,,,8410000.0
2023-02-07,,143.65,,,10450000.0
2023-02-08,,142.64,,,6960000.0
2023-02-09,,140.42,,,6440000.0
2023-02-10,,141.04,,,6580000.0
2023-02-13,,142.57,,,7130000.0
2023-02-14,,143.2,,,9250000.0
2023-02-15,,143.8,,,6730000.0
2023-02-16,,141.82,,,8170000.0
2023-02-17,,142.24,,,7950000.0
2023-02-21,,139.63,,,10000000.0
2023-02-22,,138.56,,,11110000.0
2023-02-23,,139.67,,,8070000.0
2023-02-24,,140.93,,,9130000.0
2023-02-27,,142.16,,,10010000.0
2023-02-28,,143.35,,,11020000.0
2023-03-01,,142.55,,,7140000.0
2023-03-02,,141.07,,,11110000.0
2023-03-03,,143.66,,,9510000.0
2023-03-06,,142.82,,,9260000.0
2023-03-07,,138.62,,,11750000.0
2023-03-08,,137.8,,,10000000.0
2023-03-09,,130.34,,,25890000.0
2023-03-10,,133.65,,,37600000.0
2023-03-13,,131.25,,,42900000.0
2023-03-14,,134.62,,,29650000.0
2023-03-15,,128.26,,,34280000.0
2023-03-16,,130.75,,,24570000.0
2023-03-17,,125.81,,,38400000.0
2023-03-20,,127.14,,,22880000.0
2023-03-21,,130.55,,,17810000.0
2023-03-22,,127.18,,,17250000.0
2023-03-23,,126.84,,,16680000.0
2023-03-24,,124.91,,,22330000.0
2023-03-27,,128.49,,,18850000.0
2023-03-28,,128.88,,,10820000.0
2023-03-29,,129.14,,,14600000.0
2023-03-30,,128.75,,,12130000.0
2023-03-31,,130.31,,,13110000.0
2023-04-03,,130.16,,,11780000.0
2023-04-04,,128.42,,,11580000.0
2023-04-05,,127.61,,,9610000.0
2023-04-06,,127.47,,,8760000.0
2023-04-10,,127.89,,,9480000.0
2023-04-11,,128.52,,,10520000.0
2023-04-12,,128.5,,,11820000.0
2023-04-13,,128.99,,,12450000.0
2023-04-14,,138.73,,,43930000.0
2023-04-17,,139.83,,,16050000.0
2023-04-18,,141.4,,,13760000.0
2023-04-19,,141.22,,,9160000.0
2023-04-20,,140.81,,,10590000.0
2023-04-21,,140.54,,,11840000.0
2023-04-24,,140.73,,,7570000.0
2023-04-25,,137.67,,,10630000.0
2023-04-26,,135.23,,,14420000.0
2023-04-27,,137.05,,,9040000.0
2023-04-28,,138.24,,,9890000.0
2023-05-01,,141.2,,,20420000.0
2023-05-02,,138.92,,,14110000.0
2023-05-03,,135.98,,,12930000.0
2023-05-04,,134.12,,,17090000.0
2023-05-05,,136.74,,,11260000.0
2023-05-08,,137.07,,,7480000.0
2023-05-09,,136.41,,,7340000.0
2023-05-10,,136.48,,,8130000.000000001
2023-05-11,,136.05,,,7060000.0
2023-05-12,,134.1,,,9990000.0
2023-05-15,,135.23,,,7640000.0
2023-05-16,,134.32,,,6480000.0
2023-05-17,,138.45,,,12710000.0
2023-05-18,,139.5,,,11000000.0
2023-05-19,,139.18,,,13490000.0
2023-05-22,,138.03,,,11400000.0
2023-05-23,,136.59,,,9510000.0
2023-05-24,,135.34,,,8580000.0
2023-05-25,,135.67,,,8470000.0
2023-05-26,,136.94,,,8580000.0
2023-05-30,,137.46,,,7400000.0
2023-05-31,,135.71,,,14220000.0
2023-06-01,,137.58,,,12250000.0
2023-06-02,,140.47,,,12920000.0
2023-06-05,,139.09,,,9690000.0
2023-06-06,,139.34,,,9330000.0
2023-06-07,,140.69,,,9280000.0
2023-06-08,,140.73,,,7370000.0
2023-06-09,,141.01,,,7250000.0
2023-06-12,,141.0,,,7600000.0
2023-06-13,,142.02,,,7700000.0
2023-06-14,,141.49,,,9070000.0
2023-06-15,,143.09,,,9340000.0
2023-06-16,,143.26,,,13810000.0
2023-06-20,,142.53,,,8430000.0
2023-06-21,,142.32,,,9930000.0
2023-06-22,,139.58,,,10080000.0
2023-06-23,,138.85,,,9920000.0
2023-06-26,,139.19,,,8430000.0
2023-06-27,,139.2,,,8150000.0
2023-06-28,,138.59,,,7560000.0
2023-06-29,,143.43,,,15420000.0
2023-06-30,,145.44,,,14210000.0
2023-07-03,,146.61,,,8020000.0
2023-07-05,,144.64,,,8940000.0
2023-07-06,,143.21,,,9710000.0
2023-07-07,,144.34,,,8980000.0
2023-07-10,,145.15,,,9100000.0
2023-07-11,,147.42,,,11270000.0
2023-07-12,,148.15,,,11320000.0
2023-07-13,,148.87,,,11230000.0
2023-07-14,,149.77,,,27030000.0
2023-07-17,,153.38,,,17260000.0
2023-07-18,,153.66,,,13490000.0
2023-07-19,,154.25,,,12510000.0
2023-07-20,,156.15,,,9940000.0
2023-07-21,,154.95,,,10640000.0
2023-07-24,,158.0,,,14380000.0
2023-07-25,,156.82,,,9940000.0
2023-07-26,,157.76,,,8730000.0
2023-07-27,,156.02,,,10780000.0
2023-07-28,,156.91,,,9110000.0
2023-07-31,,157.96,,,8890000.0
2023-08-01,,157.18,,,6860000.0
2023-08-02,,155.4,,,8300000.000000001
2023-08-03,,156.35,,,6090000.0
2023-08-04,,156.02,,,6210000.0
2023-08-07,,156.76,,,7250000.0
2023-08-08,,155.88,,,8620000.0
2023-08-09,,153.79,,,6280000.0
2023-08-10,,153.56,,,6000000.0
2023-08-11,,154.45,,,5180000.0
2023-08-14,,154.77,,,5040000.0
2023-08-15,,150.83,,,10300000.0
2023-08-16,,150.19,,,6980000.0
2023-08-17,,148.63,,,9950000.0
2023-08-18,,148.97,,,8520000.0
2023-08-21,,149.48,,,8330000.0
2023-08-22,,146.38,,,9680000.0
2023-08-23,,147.37,,,7860000.0
2023-08-24,,147.23,,,6530000.0
2023-08-25,,147.05,,,6700000.0
2023-08-28,,147.56,,,5090000.0
2023-08-29,,148.76,,,6340000.0
2023-08-30,,148.16,,,6280000.0
2023-08-31,,146.33,,,10930000.0
2023-09-01,,146.82,,,7900000.0
2023-09-05,,145.2,,,7850000.0
2023-09-06,,144.96,,,8630000.0
2023-09-07,,143.72,,,8369999.999999999
2023-09-08,,143.83,,,7110000.0
2023-09-11,,144.46,,,6850000.0
2023-09-12,,146.34,,,8359999.999999999
2023-09-13,,146.41,,,8330000.0
2023-09-14,,149.25,,,10030000.0
2023-09-15,,148.81,,,19860000.0
2023-09-18,,149.12,,,6510000.0
2023-09-19,,148.93,,,7950000.0
2023-09-20,,148.3,,,7330000.0
2023-09-21,,147.14,,,8050000.000000001
2023-09-22,,145.73,,,7070000.0
2023-09-25,,146.45,,,7040000.0
2023-09-26,,144.93,,,7470000.0
2023-09-27,,145.78,,,6720000.0
2023-09-28,,147.59,,,8870000.0
2023-09-29,,145.02,,,11920000.0
2023-10-02,,143.77,,,9170000.0
2023-10-03,,142.71,,,9430000.0
2023-10-04,,143.35,,,8130000.000000001
2023-10-05,,142.9,,,8580000.0
2023-10-06,,145.1,,,10270000.0
2023-10-09,,144.77,,,6960000.0
2023-10-10,,145.65,,,11290000.0
2023-10-11,,146.15,,,8700000.0
2023-10-12,,145.81,,,10480000.0
2023-10-13,,148.0,,,29490000.0
2023-10-16,,147.85,,,12660000.0
2023-10-17,,147.53,,,11480000.0
2023-10-18,,145.91,,,9620000.0
2023-10-19,,145.29,,,11140000.0
2023-10-20,,142.95,,,13330000.0
2023-10-23,,141.0,,,10130000.0
2023-10-24,,141.17,,,8880000.0
2023-10-25,,140.4,,,8240000.0
2023-10-26,,140.76,,,9110000.0
2023-10-27,,135.69,,,17430000.0
2023-10-30,,137.42,,,9860000.0
2023-10-31,,139.06,,,9670000.0
2023-11-01,,138.94,,,9430000.0
2023-11-02,,141.42,,,10190000.0
2023-11-03,,143.0,,,9540000.0
2023-11-06,,144.08,,,7630000.0
2023-11-07,,144.01,,,6300000.0
2023-11-08,,144.72,,,7620000.0
2023-11-09,,144.29,,,7990000.0
2023-11-10,,146.43,,,7980000.0
2023-11-13,,145.78,,,6680000.0
2023-11-14,,148.44,,,9930000.0
2023-11-15,,149.74,,,8369999.999999999
2023-11-16,,151.45,,,8130000.000000001
2023-11-17,,152.82,,,7810000.0
2023-11-20,,153.29,,,7020000.0
2023-11-21,,152.97,,,7080000.0
2023-11-22,,153.33,,,5180000.0
2023-11-24,,153.54,,,3500000.0
2023-11-27,,153.19,,,6260000.0
2023-11-28,,153.54,,,6580000.0
2023-11-29,,154.32,,,9130000.0
2023-11-30,,156.08,,,9870000.0
2023-12-01,,156.84,,,8920000.0
2023-12-04,,157.99,,,9610000.0
2023-12-05,,157.97,,,9140000.0
2023-12-06,,156.31,,,9370000.0
2023-12-07,,156.79,,,8130000.000000001
2023-12-08,,158.52,,,7370000.0
2023-12-11,,159.1,,,8090000.0
2023-12-12,,160.52,,,10220000.0
2023-12-13,,161.06,,,12380000.0
2023-12-14,,163.99,,,13640000.0
2023-12-15,,165.23,,,20310000.0
2023-12-18,,166.23,,,8470000.0
2023-12-19,,168.45,,,10350000.0
2023-12-20,,166.55,,,10730000.0
2023-12-21,,167.5,,,7600000.0
2023-12-22,,167.4,,,6580000.0
2023-12-26,,168.39,,,4680000.0
2023-12-27,,169.4,,,6430000.0
2023-12-28,,170.3,,,6320000.0
2023-12-29,,170.1,,,6440000.0
2024-01-02,,172.08,,,9980000.0
2024-01-03,,171.33,,,9850000.0
2024-01-04,,171.41,,,11970000.0
2024-01-05,,172.27,,,10070000.0
2024-01-08,,172.02,,,11230000.0
2024-01-09,,170.66,,,9920000.0
2024-01-10,,171.02,,,9670000.0
2024-01-11,,170.3,,,11920000.0
2024-01-12,,169.05,,,19440000.0
2024-01-16,,167.99,,,17210000.0
2024-01-17,,167.09,,,11110000.0
2024-01-18,,167.42,,,9380000.0
2024-01-19,,170.31,,,13120000.0
2024-01-22,,170.11,,,12840000.0
2024-01-23,,168.99,,,8359999.999999999
2024-01-24,,170.5,,,9970000.0
2024-01-25,,172.94,,,8870000.0
2024-01-26,,172.28,,,7440000.0
2024-01-29,,172.73,,,6970000.0
2024-01-30,,176.27,,,10820000.0
2024-01-31,,174.36,,,11520000.0
2024-02-01,,173.73,,,9350000.0
2024-02-02,,174.73,,,8610000.0
2024-02-05,,174.5,,,7820000.0
2024-02-06,,175.1,,,6770000.0
2024-02-07,,175.43,,,7230000.0
2024-02-08,,174.8,,,6060000.0
2024-02-09,,175.01,,,6300000.0
2024-02-12,,175.79,,,8540000.0
2024-02-13,,174.26,,,8400000.0
2024-02-14,,176.03,,,7060000.0
2024-02-15,,179.87,,,8720000.0
2024-02-16,,179.03,,,8150000.0
2024-02-20,,179.73,,,9670000.0
2024-02-21,,180.9,,,7030000.0
2024-02-22,,183.07,,,9300000.0
2024-02-23,,183.99,,,7110000.0
2024-02-26,,183.36,,,7150000.0
2024-02-27,,183.45,,,5720000.0
2024-02-28,,184.38,,,6130000.0
2024-02-29,,186.06,,,9640000.0
2024-03-01,,185.29,,,6310000.0
2024-03-04,,186.68,,,7060000.0
2024-03-05,,188.55,,,6620000.0
2024-03-06,,189.53,,,7570000.0
2024-03-07,,187.87,,,7620000.0
2024-03-08,,188.22,,,6170000.0
2024-03-11,,188.29,,,5760000.0
2024-03-12,,189.84,,,5710000.0
2024-03-13,,191.38,,,7800000.0
2024-03-14,,187.97,,,10310000.0
2024-03-15,,190.3,,,17210000.0
2024-03-18,,192.66,,,9010000.0
2024-03-19,,193.79,,,8480000.0
2024-03-20,,196.33,,,9370000.0
2024-03-21,,199.06,,,11200000.0
2024-03-22,,196.62,,,8109999.999999999
2024-03-25,,194.82,,,8620000.0
2024-03-26,,195.73,,,5960000.0
2024-03-27,,199.52,,,8730000.0
2024-03-28,,200.3,,,8630000.0
2024-04-01,,198.94,,,7310000.0
2024-04-02,,198.86,,,7010000.0
2024-04-03,,198.3,,,9350000.0
2024-04-04,,195.65,,,9240000.0
2024-04-05,,197.45,,,6530000.0
2024-04-08,,198.48,,,8000000.0
2024-04-09,,197.15,,,7360000.0
2024-04-10,,195.47,,,7680000.0
2024-04-11,,195.43,,,10140000.0
2024-04-12,,182.79,,,31530000.0
2024-04-15,,182.89,,,14770000.0
2024-04-16,,180.8,,,16450000.0
2024-04-17,,180.08,,,9020000.0
2024-04-18,,181.25,,,9560000.0
2024-04-19,,185.8,,,13400000.0
2024-04-22,,189.41,,,11530000.0
2024-04-23,,192.14,,,9140000.0
2024-04-24,,193.08,,,6960000.0
2024-04-25,,193.37,,,9800000.0
2024-04-26,,193.49,,,6410000.0
2024-04-29,,193.28,,,5410000.0
2024-04-30,,191.74,,,8150000.0
2024-05-01,,191.86,,,7450000.0
2024-05-02,,191.66,,,6500000.0
2024-05-03,,190.51,,,8920000.0
2024-05-06,,192.0,,,7910000.0
2024-05-07,,191.75,,,7690000.0
2024-05-08,,195.65,,,9230000.0
2024-05-09,,197.5,,,7980000.0
2024-05-10,,198.77,,,7530000.0
2024-05-13,,198.73,,,7050000.0
2024-05-14,,201.51,,,8600000.0
2024-05-15,,202.11,,,8369999.999999999
2024-05-16,,202.47,,,8500000.0
2024-05-17,,204.79,,,9260000.0
2024-05-20,,195.58,,,17370000.0
2024-05-21,,199.52,,,14420000.0
2024-05-22,,198.31,,,9430000.0
2024-05-23,,196.92,,,8070000.0
2024-05-24,,200.71,,,7360000.0
2024-05-28,,199.5,,,6910000.0
2024-05-29,,198.11,,,6120000.0
2024-05-30,,199.33,,,6830000.0
2024-05-31,,202.63,,,14420000.0
2024-06-03,,201.82,,,6440000.0
2024-06-04,,199.16,,,6850000.0
2024-06-05,,197.26,,,8350000.0
2024-06-06,,196.91,,,7640000.0
2024-06-07,,199.95,,,6960000.0
2024-06-10,,199.61,,,6070000.0
2024-06-11,,194.36,,,9240000.0
2024-06-12,,191.53,,,12750000.0
2024-06-13,,193.66,,,8590000.0
2024-06-14,,193.78,,,6870000.0
2024-06-17,,194.98,,,8730000.0
2024-06-18,,197.0,,,9020000.0
2024-06-20,,198.67,,,8730000.0
2024-06-21,,196.3,,,20970000.0
2024-06-24,,198.88,,,9790000.0
2024-06-25,,198.07,,,6920000.0
2024-06-26,,197.43,,,7760000.0
2024-06-27,,199.17,,,7910000.0
2024-06-28,,202.26,,,15310000.0
2024-07-01,,205.45,,,10210000.0
2024-07-02,,208.83,,,7800000.0
2024-07-03,,208.69,,,5560000.0
2024-07-05,,204.79,,,8090000.0
2024-07-08,,205.17,,,8710000.0
2024-07-09,,207.63,,,9060000.0
2024-07-10,,207.8,,,8330000.0
2024-07-11,,207.45,,,10670000.0
2024-07-12,,204.94,,,15440000.0
2024-07-15,,210.05,,,10720000.0
2024-07-16,,213.62,,,11560000.0
2024-07-17,,216.87,,,11570000.0
2024-07-18,,209.98,,,12420000.0
2024-07-19,,209.78,,,8100000.0
2024-07-22,,210.28,,,7660000.0
2024-07-23,,210.33,,,5560000.0
2024-07-24,,208.59,,,7120000.0
2024-07-25,,208.67,,,6400000.0
2024-07-26,,212.24,,,8029999.999999999
2024-07-29,,210.85,,,6530000.0
2024-07-30,,215.19,,,8850000.0
2024-07-31,,212.8,,,9070000.0
2024-08-01,,207.96,,,10920000.0
2024-08-02,,199.14,,,18040000.0
2024-08-05,,194.9,,,13930000.0
2024-08-06,,200.34,,,10610000.0
2024-08-07,,200.4,,,9200000.0
2024-08-08,,204.06,,,7760000.0
2024-08-09,,205.8,,,5540000.0
2024-08-12,,206.19,,,6940000.0
2024-08-13,,207.94,,,6390000.0
2024-08-14,,210.24,,,7000000.0
2024-08-15,,211.55,,,7000000.0
2024-08-16,,213.97,,,7930000.0
2024-08-19,,215.45,,,6090000.0
2024-08-20,,214.52,,,5640000.0
2024-08-21,,214.6,,,5200000.0
2024-08-22,,216.63,,,5250000.0
2024-08-23,,218.31,,,7210000.0
2024-08-26,,219.17,,,5110000.0
2024-08-27,,220.18,,,5190000.0
2024-08-28,,221.29,,,6510000.0
2024-08-29,,222.21,,,6420000.0
2024-08-30,,224.8,,,8570000.0
2024-09-03,,220.3,,,8960000.0
2024-09-04,,219.33,,,7390000.0
2024-09-05,,217.63,,,8070000.0
2024-09-06,,212.46,,,7780000.0
2024-09-09,,216.81,,,8940000.0
2024-09-10,,205.56,,,28410000.0
2024-09-11,,207.23,,,13660000.0
2024-09-12,,206.6,,,9060000.0
2024-09-13,,204.32,,,10230000.0
2024-09-16,,207.86,,,8630000.0
2024-09-17,,209.25,,,7570000.0
2024-09-18,,207.53,,,8260000.0
2024-09-19,,210.48,,,11640000.0
2024-09-20,,211.09,,,20880000.0
2024-09-23,,211.44,,,7220000.0
2024-09-24,,211.59,,,7320000.0
2024-09-25,,210.19,,,8980000.0
2024-09-26,,209.78,,,7810000.0
2024-09-27,,210.5,,,7030000.0
2024-09-30,,210.86,,,8670000.0
2024-10-01,,207.04,,,8540000.0
2024-10-02,,207.29,,,5810000.0
2024-10-03,,205.23,,,7250000.0
2024-10-04,,211.22,,,10210000.0
2024-10-07,,210.93,,,6720000.0
2024-10-08,,210.75,,,6020000.0
2024-10-09,,213.42,,,7020000.0
2024-10-10,,212.84,,,7930000.0
2024-10-11,,222.29,,,18320000.0
2024-10-14,,221.48,,,9050000.0
2024-10-15,,222.39,,,9240000.0
2024-10-16,,223.64,,,6380000.0
2024-10-17,,224.42,,,6470000.0
2024-10-18,,225.37,,,7000000.0
2024-10-21,,223.0,,,5870000.0
2024-10-22,,224.12,,,9590000.0
2024-10-23,,223.41,,,6180000.0
2024-10-24,,224.98,,,6000000.0
2024-10-25,,222.31,,,6370000.0
2024-10-28,,225.5,,,6840000.0
2024-10-29,,222.9,,,6580000.0
2024-10-30,,224.41,,,7110000.0
2024-10-31,,221.92,,,7830000.0
2024-11-01,,222.94,,,6920000.0
2024-11-04,,219.78,,,8230000.0
2024-11-05,,221.49,,,5600000.0
2024-11-06,,247.06,,,23990000.0
2024-11-07,,236.38,,,16450000.0
2024-11-08,,236.98,,,9500000.0
2024-11-11,,239.29,,,9020000.0
2024-11-12,,239.56,,,6860000.0
2024-11-13,,241.16,,,11470000.0
2024-11-14,,241.87,,,10170000.0
2024-11-15,,245.31,,,11520000.0
2024-11-18,,245.03,,,9050000.0
2024-11-19,,243.09,,,6790000.0
2024-11-20,,240.78,,,9020000.0
2024-11-21,,244.76,,,8780000.0
2024-11-22,,248.55,,,8000000.0
2024-11-25,,250.29,,,10300000.0
2024-11-26,,249.97,,,6210000.0
2024-11-27,,249.79,,,5470000.0
2024-11-29,,249.72,,,5490000.0
2024-12-02,,246.25,,,8900000.0
2024-12-03,,244.82,,,6660000.0
2024-12-04,,243.4,,,7350000.0
2024-12-05,,245.48,,,6570000.0
2024-12-06,,247.36,,,5520000.0
2024-12-09,,243.81,,,7080000.0
2024-12-10,,242.86,,,9110000.0
2024-12-11,,243.53,,,7880000.0
2024-12-12,,241.53,,,6110000.0
2024-12-13,,239.94,,,10390000.0
2024-12-16,,239.58,,,9030000.0
2024-12-17,,238.36,,,8080000.0
2024-12-18,,230.37,,,11320000.0
2024-12-19,,232.96,,,11790000.0
2024-12-20,,237.6,,,32350000.0
2024-12-23,,238.39,,,8610000.0
2024-12-24,,242.31,,,3730000.0
2024-12-26,,243.14,,,4450000.0
2024-12-27,,241.17,,,5730000.0
2024-12-30,,239.32,,,5720000.0
2024-12-31,,239.71,,,4870000.0
2025-01-02,,240.0,,,9220000.0
2025-01-03,,243.28,,,9490000.0
2025-01-06,,240.85,,,9920000.0
2025-01-07,,243.17,,,8750000.0
2025-01-08,,243.13,,,8680000.0
2025-01-10,,239.87,,,10260000.0
2025-01-13,,244.21,,,10010000.0
2025-01-14,,247.47,,,12410000.0
2025-01-15,,252.35,,,18450000.0
2025-01-16,,254.27,,,15290000.0
2025-01-17,,259.16,,,17680000.0
2025-01-21,,263.03,,,13710000.0
2025-01-22,,262.84,,,9020000.0
2025-01-23,,265.95,,,10750000.0
2025-01-24,,264.84,,,7670000.0
2025-01-27,,265.85,,,7520000.0
2025-01-28,,267.14,,,7380000.0
2025-01-29,,266.58,,,7680000.0
2025-01-30,,268.23,,,8750000.0
2025-01-31,,267.3,,,7200000.0
2025-02-03,,266.81,,,8380000.000000001
2025-02-04,,267.94,,,5630000.0
2025-02-05,,270.43,,,5700000.0
2025-02-06,,276.9,,,7260000.0
2025-02-07,,275.8,,,6860000.0
2025-02-10,,271.04,,,8630000.0
2025-02-11,,274.99,,,7200000.0
2025-02-12,,275.45,,,6680000.0
2025-02-13,,276.32,,,8400000.0
2025-02-14,,276.59,,,5690000.0
2025-02-18,,279.95,,,7920000.0
2025-02-19,,279.25,,,7010000.0
2025-02-20,,266.8,,,13850000.0
2025-02-21,,264.24,,,12840000.0
2025-02-24,,261.34,,,10370000.0
2025-02-25,,257.4,,,9610000.0
2025-02-26,,258.79,,,5940000.0
2025-02-27,,259.05,,,8199999.999999999
2025-02-28,,264.65,,,10470000.0
2025-03-03,,260.62,,,9060000.0
2025-03-04,,250.25,,,13470000.0
2025-03-05,,251.53,,,7860000.0
2025-03-06,,246.54,,,9980000.0
2025-03-07,,242.28,,,20500000.0
2025-03-10,,232.22,,,18890000.0
2025-03-11,,229.14,,,18140000.0
2025-03-12,,227.9,,,16050000.0
2025-03-13,,225.19,,,16469999.999999998
2025-03-14,,232.44,,,11960000.0
2025-03-17,,233.93,,,9590000.0
2025-03-18,,234.97,,,10340000.0
2025-03-19,,239.11,,,10120000.0
2025-03-20,,239.01,,,8330000.0
2025-03-21,,241.63,,,19330000.0
2025-03-24,,248.06,,,9420000.0
2025-03-25,,251.13,,,9290000.0
2025-03-26,,251.03,,,12790000.0
2025-03-27,,248.12,,,8020000.0
2025-03-28,,242.85,,,11980000.0
2025-03-31,,245.3,,,13600000.0
2025-04-01,,243.66,,,8050000.000000001
2025-04-02,,245.82,,,7760000.0
2025-04-03,,228.69,,,17190000.0
2025-04-04,,210.28,,,27170000.0
2025-04-07,,214.44,,,22910000.0
2025-04-08,,216.87,,,19490000.0
2025-04-09,,234.34,,,24020000.0
2025-04-10,,227.11,,,18900000.0
2025-04-11,,236.2,,,20280000.0
2025-04-14,,234.72,,,13020000.0
2025-04-15,,233.13,,,10910000.0
2025-04-16,,229.61,,,9320000.0
2025-04-17,,231.96,,,9560000.0
2025-04-21,,228.99,,,8720000.0
2025-04-22,,235.59,,,10700000.0
2025-04-23,,240.88,,,14130000.0
2025-04-24,,244.64,,,9060000.0
2025-04-25,,243.55,,,8590000.0
2025-04-28,,243.22,,,7390000.0
2025-04-29,,244.62,,,7220000.0
2025-04-30,,244.62,,,12990000.0
2025-05-01,,246.89,,,8690000.0
2025-05-02,,252.51,,,7170000.0
2025-05-05,,252.56,,,5450000.0
2025-05-06,,249.25,,,6370000.0
2025-05-07,,249.39,,,8720000.0
2025-05-08,,253.47,,,8320000.0
2025-05-09,,253.08,,,5090000.0
2025-05-12,,260.05,,,9600000.0
2025-05-13,,263.01,,,8590000.0
2025-05-14,,265.64,,,8640000.0
2025-05-15,,267.49,,,9210000.0
2025-05-16,,267.56,,,8930000.0
2025-05-19,,264.88,,,12150000.0
2025-05-20,,265.68,,,8440000.0
2025-05-21,,261.04,,,7460000.0
2025-05-22,,260.67,,,6510000.0
2025-05-23,,260.71,,,6670000.0
2025-05-27,,265.29,,,7510000.0
2025-05-28,,263.49,,,5540000.0
2025-05-29,,264.37,,,5080000.0
2025-05-30,,264.0,,,10980000.0
2025-06-02,,264.66,,,6010000.0
2025-06-03,,266.27,,,7000000.0
2025-06-04,,264.22,,,5920000.0
2025-06-05,,261.95,,,8180000.0
2025-06-06,,265.73,,,7740000.0
2025-06-09,,266.74,,,8289999.999999999
2025-06-10,,268.6,,,7540000.0
2025-06-11,,268.15,,,7430000.0
2025-06-12,,268.24,,,6620000.0
2025-06-13,,264.95,,,7100000.0
2025-06-16,,270.36,,,8570000.0
2025-06-17,,269.52,,,6740000.0
2025-06-18,,273.96,,,9590000.0
2025-06-20,,275.0,,,13970000.0
2025-06-23,,278.27,,,8090000.0
2025-06-24,,281.26,,,9270000.0
2025-06-25,,284.06,,,6830000.0
2025-06-26,,288.75,,,8940000.0
2025-06-27,,287.11,,,17870000.0
2025-06-30,,289.91,,,12690000.0
2025-07-01,,290.41,,,9340000.0
2025-07-02,,292.0,,,8160000.0
2025-07-03,,296.0,,,6540000.0
2025-07-07,,291.97,,,8830000.0
2025-07-08,,282.78,,,15440000.0
2025-07-09,,283.16,,,11270000.0
2025-07-10,,288.19,,,8410000.0
2025-07-11,,286.86,,,7380000.0
2025-07-14,,288.7,,,9080000.0
2025-07-15,,286.55,,,12530000.0
2025-07-16,,285.82,,,9980000.0
2025-07-17,,289.9,,,8510000.0
2025-07-18,,291.27,,,12220000.0
2025-07-21,,290.97,,,7900000.0
2025-07-22,,291.43,,,6720000.0
2025-07-23,,296.76,,,7080000.0
2025-07-24,,296.55,,,7000000.0
2025-07-25,,298.62,,,5920000.0
2025-07-28,,298.28,,,5840000.0
2025-07-29,,297.04,,,7640000.0
2025-07-30,,299.63,,,8060000.000000001
2025-07-31,,296.24,,,14750000.0
2025-08-01,,289.37,,,12010000.0
2025-08-04,,294.26,,,6650000.0
2025-08-05,,291.37,,,7180000.0
2025-08-06,,291.35,,,6330000.0
2025-08-07,,286.94,,,8060000.000000001
2025-08-08,,288.76,,,6630000.0
2025-08-11,,289.56,,,5510000.0
2025-08-12,,292.85,,,8570000.0
2025-08-13,,290.53,,,8420000.0
2025-08-14,,294.16,,,6320000.0
2025-08-15,,290.49,,,7340000.0
2025-08-18,,291.53,,,5390000.0
2025-08-19,,290.66,,,6030000.0
2025-08-20,,292.24,,,7370000.0
2025-08-21,,291.47,,,6620000.0
2025-08-22,,296.24,,,8550000.0
2025-08-25,,294.9,,,5860000.0
2025-08-26,,298.57,,,6710000.0
2025-08-27,,299.28,,,6060000.0
2025-08-28,,301.07,,,6410000.0
2025-08-29,,301.42,,,6800000.0
2025-09-02,,299.7,,,7220000.0
2025-09-03,,299.51,,,6320000.0
2025-09-04,,303.82,,,6610000.0
2025-09-05,,294.38,,,9840000.0
2025-09-08,,292.91,,,8189999.999999999
2025-09-09,,297.85,,,7850000.0
2025-09-10,,300.54,,,7790000.0
2025-09-11,,305.56,,,7940000.0
2025-09-12,,306.91,,,6850000.0
2025-09-15,,308.9,,,7120000.0
2025-09-16,,309.19,,,10530000.0
2025-09-17,,311.75,,,8660000.0
2025-09-18,,313.23,,,8050000.000000001
2025-09-19,,314.78,,,23570000.0
2025-09-22,,312.44,,,7520000.0
2025-09-23,,312.74,,,8580000.0
2025-09-24,,313.42,,,7310000.0
2025-09-25,,313.45,,,7080000.0
2025-09-26,,316.06,,,7260000.0
2025-09-29,,315.69,,,6460000.0
2025-09-30,,315.43,,,11820000.0
2025-10-01,,310.71,,,9240000.0
2025-10-02,,307.55,,,7600000.0
2025-10-03,,310.03,,,6030000.0
2025-10-06,,309.18,,,7210000.0
2025-10-07,,307.69,,,8450000.0
2025-10-08,,304.03,,,6490000.0
2025-10-09,,305.53,,,7060000.0
2025-10-10,,300.89,,,8600000.0
2025-10-13,,307.97,,,10790000.0
2025-10-14,,302.08,,,16180000.0
2025-10-15,,305.69,,,11350000.0
2025-10-16,,298.54,,,10550000.0
2025-10-17,,297.56,,,10150000.0
2025-10-20,,302.36,,,6890000.0
2025-10-21,,297.09,,,7370000.0
2025-10-22,,294.11,,,8050000.000000001
2025-10-23,,294.54,,,5440000.0
2025-10-24,,300.44,,,7230000.0
2025-10-27,,304.15,,,5640000.0
2025-10-28,,305.36,,,6340000.0
2025-10-29,,305.51,,,7520000.0
2025-10-30,,309.44,,,7510000.0
2025-10-31,,311.12,,,7720000.0
2025-11-03,,309.35,,,7770000.0
2025-11-04,,309.25,,,7090000.0
2025-11-05,,311.68,,,6870000.0
2025-11-06,,313.42,,,7210000.0
2025-11-07,,314.21,,,7300000.0
2025-11-10,,316.89,,,5790000.0
2025-11-11,,315.62,,,5030000.0
2025-11-12,,320.41,,,10580000.0
2025-11-13,,309.48,,,8970000.0
2025-11-14,,303.61,,,10330000.0
2025-11-17,,300.37,,,8340000.0
2025-11-18,,299.41,,,8080000.0
2025-11-19,,303.27,,,5550000.0
2025-11-20,,298.38,,,7500000.0
2025-11-21,,298.02,,,11770000.0
2025-11-24,,298.0,,,10940000.0
2025-11-25,,303.0,,,8880000.0
2025-11-26,,307.64,,,7910000.0
2025-11-28,,313.08,,,4320000.0
2025-12-01,,308.92,,,7730000.0
2025-12-02,,307.88,,,7250000.0
2025-12-03,,312.13,,,8540000.0
2025-12-04,,316.1,,,9630000.0
2025-12-05,,315.04,,,6520000.0
2025-12-08,,315.21,,,7420000.0
2025-12-09,,300.51,,,18050000.0
2025-12-10,,310.11,,,18870000.0
2025-12-11,,317.38,,,9720000.0
2025-12-12,,318.52,,,8980000.0
2025-12-15,,320.02,,,10860000.0
2025-12-16,,315.55,,,8330000.0
2025-12-17,,314.98,,,8720000.0
2025-12-18,,313.0,,,11440000.0
2025-12-19,,317.21,,,24490000.0
2025-12-22,,323.09,,,8350000.0
2025-12-23,,325.93,,,6670000.0
2025-12-24,,329.17,,,4290000.0
2025-12-26,,327.91,,,4160000.0
2025-12-29,,323.75,,,8640000.0
2025-12-30,,323.42,,,7900000.0
2025-12-31,,322.22,,,5050000.0
2026-01-02,,325.48,,,8050000.000000001
2026-01-05,,334.04,,,10750000.0
2026-01-06,,334.61,,,7660000.0
2026-01-07,,326.99,,,9820000.0
2026-01-08,,329.79,,,11740000.0
2026-01-09,,329.19,,,6740000.0
2026-01-12,,324.49,,,12810000.0
2026-01-13,,310.9,,,19370000.0
2026-01-14,,307.87,,,25950000.0
2026-01-15,,309.26,,,14750000.0
2026-01-16,,312.47,,,14650000.0
2026-01-20,,302.74,,,12900000.0
2026-01-21,,302.04,,,10270000.0
2026-01-22,,303.63,,,10540000.0
2026-01-23,,297.72,,,11110000.0
2026-01-26,,301.04,,,11750000.0
2026-01-27,,300.31,,,11530000.0
2026-01-28,,300.77,,,9560000.0
2026-01-29,,306.42,,,11580000.0
2026-01-30,,305.89,,,11950000.0
2026-02-02,,308.14,,,9840000.0
2026-02-03,,314.85,,,12690000.0
2026-02-04,,317.27,,,9850000.0
2026-02-05,,310.16,,,9390000.0
2026-02-06,,322.4,,,17800000.0
2026-02-09,,322.1,,,11480000.0
2026-02-10,,318.28,,,9900000.0
2026-02-11,,310.82,,,8700000.0
2026-02-12,,302.64,,,13440000.0
2026-02-13,,302.55,,,9110000.0
2026-02-17,,307.13,,,8900000.0
2026-02-18,,308.78,,,7210000.0
2026-02-19,,308.05,,,6740000.0
2026-02-20,,310.79,,,7790000.0
2026-02-23,,297.67,,,12960000.0
2026-02-24,,297.3,,,13550000.0
2026-02-25,,303.3,,,8100000.0
2026-02-26,,306.13,,,7010000.0
2026-02-27,,300.3,,,18620000.0
2026-03-02,,297.56,,,8510000.0
2026-03-03,,300.26,,,10280000.0
2026-03-04,,299.39,,,8060000.000000001
2026-03-05,,293.55,,,12730000.0
2026-03-06,,289.48,,,13500000.0
2026-03-09,,289.92,,,12240000.0
2026-03-10,,288.73,,,8340000.0
2026-03-11,,287.52,,,10200000.0
2026-03-12,,282.89,,,13760000.0
2026-03-13,,283.44,,,9090000.0
2026-03-16,,286.16,,,8150000.0
2026-03-17,,286.89,,,8960000.0
2026-03-18,,287.74,,,10060000.0
2026-03-19,,287.97,,,9850000.0
2026-03-20,,286.56,,,22440000.0
2026-03-23,,289.91,,,11470000.0
2026-03-24,,292.4,,,11090000.0
2026-03-25,,295.42,,,12190000.0
2026-03-26,,291.66,,,8670000.0
2026-03-27,,282.84,,,9870000.0
2026-03-30,,283.77,,,11730000.0
2026-03-31,,294.16,,,12960000.0
2026-04-01,,295.38,,,11270000.0
2026-04-02,,294.6,,,6670000.0
2026-04-06,,295.45,,,7140000.0
2026-04-07,,297.4,,,7850000.0
2026-04-08,,307.97,,,10590000.0
2026-04-09,,310.33,,,6590000.0
2026-04-10,,309.87,,,6070000.0
2026-04-13,,313.68,,,8320000.0
2026-04-14,,311.12,,,11460000.0
2026-04-15,,305.93,,,9890000.0
2026-04-16,,309.95,,,8210000.000000001
2026-04-17,,310.29,,,11080000.0
2026-04-20,,316.99,,,10770000.0
2026-04-21,,313.0,,,7080000.0
2026-04-22,,313.02,,,5550000.0
2026-04-23,,311.69,,,6970000.0
2026-04-24,,308.28,,,5220000.0
2026-04-27,,311.63,,,7930000.0
2026-04-28,,311.45,,,7400000.0
2026-04-29,,309.25,,,8029999.999999999
2026-04-30,,313.23,,,8870000.0
2026-05-01,,312.47,,,6140000.0
2026-05-04,,307.65,,,7340000.0
2026-05-05,,309.4,,,6320000.0
2026-05-06,,314.9,,,8630000.0
2026-05-07,,306.27,,,8359999.999999999
2026-05-08,,302.1,,,9460000.0
2026-05-11,,300.0,,,9510000.0
2026-05-12,,304.88,,,9500000.0
2026-05-13,,300.25,,,7710000.0
2026-05-14,,299.91,,,7360000.0
2026-05-15,,297.81,,,8700000.0
2026-05-18,,300.73,,,7550000.0
2026-05-19,,295.7,,,8070000.0
2026-05-20,,301.98,,,9330000.0
2026-05-21,,303.0,,,7870000.0
2026-05-22,,306.38,,,5980000.0
2026-05-26,,306.74,,,7730000.0
2026-05-27,,299.28,,,11790000.0
2026-05-28,,296.73,,,9770000.0
2026-05-29,,299.31,,,13970000.0
2026-06-01,,296.58,,,7930000.0
2026-06-02,,300.96,,,8300000.000000001
2026-06-03,,300.85,,,7000000.0
2026-06-04,,310.89,,,10350000.0
2026-06-05,,312.37,,,9120000.0
2026-06-08,,311.11,,,6830000.0
2026-06-09,,312.7,,,11590000.0
2026-06-10,,309.14,,,7450000.0
2026-06-11,,313.49,,,9120000.0
2026-06-12,,320.72,,,7430000.0
2026-06-15,,319.4,,,7990000.0
2026-06-16,,331.14,,,11090000.0
2026-06-17,,333.46,,,12250000.0
2026-06-18,,325.22,,,20110000.0
2026-06-22,,331.48,,,10180000.0
2026-06-23,,334.14,,,7580000.0
2026-06-24,,333.45,,,7910000.0
2026-06-25,,335.12,,,10050000.0
2026-06-26,,329.05,,,17640000.0
2026-06-29,,329.39,,,7980000.0
2026-06-30,,327.33,,,8080000.0
2026-07-01,,334.07,,,15210000.0
2026-07-02,,334.47,,,8420000.0
2026-07-06,,337.72,,,8670000.0
2026-07-07,,339.22,,,7120000.0
2026-07-08,,330.62,,,18510000.0
2026-07-09,,335.47,,,15570000.0
2026-07-10,,336.47,,,6300000.0
2026-07-13,,334.53,,,7120000.0
2026-07-14,,342.89,,,14540000.0
2026-07-15,,346.91,,,10750000.0
2026-07-16,,343.15,,,12430000.0
2026-07-17,,341.1,,,9250000.0
2026-07-20,,338.87,,,7720000.0
2026-07-21,,345.23,,,6020000.0
2026-07-22,,348.21,,,8039999.999999999
2026-07-23,,349.9,,,10910000.0
2026-07-24,,353.21,,,7520000.0
2026-07-27,,356.2,,,7890000.0
2026-07-28,,357.31,,,6.54
2026-07-29,,344.71,,,8.27
2026-07-30,,350.85,,,7.61
2026-07-31,,351.79,,,6.6
2026-08-03,,352.64,,,6.44
2026-08-04,,357.52,,,8.48
2026-08-05,,359.24,,,5.27
2026-08-06,,356.3,,,5.82
2026-08-07,,357.52,,,4.57
2026-08-10,,359.79,,,3.46
2026-08-11,,362.04,,,4.58
2026-08-12,,365.18,,,4.37
