date,hoy_close,pred_close,pred_std_price,real_close,senal_confiable,direccion_pred,direccion_correcta,err_model,err_baseline
2025-12-11,9.5,9.501242422498763,0.0,9.51,,sube,True,0.00875757750123718,0.009999999999999787
2025-12-12,9.51,9.511483854800462,0.0,9.5,,sube,False,0.011483854800461657,0.009999999999999787
2025-12-15,9.5,9.501436749733985,0.0,9.45,,sube,False,0.05143674973398582,0.05000000000000071
2025-12-16,9.45,9.45231146339327,0.0,9.47,,sube,True,0.01768853660673031,0.02000000000000135
2025-12-17,9.47,9.472485779263081,0.0,9.51,,sube,True,0.03751422073691835,0.03999999999999915
2025-12-18,9.51,9.51199538026005,0.0,9.5,,sube,False,0.01199538026004987,0.009999999999999787
2025-12-19,9.5,9.502181208692491,0.0,9.75,,sube,True,0.24781879130750895,0.25
2025-12-22,9.75,9.749459964372218,0.0,9.85,,baja,False,0.10054003562778213,0.09999999999999964
2025-12-23,9.85,9.84878207936883,0.0,9.95,,baja,False,0.10121792063116963,0.09999999999999964
2025-12-24,9.95,9.948123844079673,0.0,10.25,,baja,False,0.30187615592032735,0.3000000000000007
2025-12-26,10.25,10.245467817522584,0.0,10.5,,baja,False,0.2545321824774156,0.25
2025-12-29,10.5,10.494119461365043,0.0,10.7,,baja,False,0.2058805386349558,0.1999999999999993
2025-12-30,10.7,10.693374279104171,0.0,10.7,,baja,True,0.0066257208958280245,0.0
2025-12-31,10.7,10.695184946022927,0.0,10.71,,baja,False,0.014815053977073944,0.010000000000001563
2026-01-02,10.71,10.706918520964683,0.0,11.02,,baja,False,0.3130814790353167,0.3099999999999987
2026-01-05,11.02,11.030396235845982,0.0,11.55,,sube,True,0.5196037641540183,0.5300000000000011
2026-01-06,11.55,11.557876853160561,0.0,11.49,,sube,False,0.06787685316056091,0.0600000000000005
2026-01-07,11.49,11.499807497859003,0.0,11.35,,sube,False,0.14980749785900294,0.14000000000000057
2026-01-08,11.35,11.36209828685969,0.0,11.45,,sube,True,0.08790171314030992,0.09999999999999964
2026-01-09,11.45,11.462554931752383,0.0,11.5,,sube,True,0.037445068247617286,0.05000000000000071
2026-01-12,11.5,11.513026615306735,0.0,11.55,,sube,True,0.03697338469326539,0.05000000000000071
2026-01-13,11.55,11.56261876318604,0.0,11.42,,sube,False,0.1426187631860394,0.13000000000000078
2026-01-14,11.42,11.433670987300575,0.0,11.55,,sube,True,0.11632901269942586,0.13000000000000078
2026-01-15,11.55,11.562952838465574,0.0,11.49,,sube,False,0.07295283846557332,0.0600000000000005
2026-01-16,11.49,11.50335580829531,0.0,11.5,,sube,True,0.0033558082953106805,0.009999999999999787
2026-01-19,11.5,11.513067512027918,0.0,11.45,,sube,False,0.06306751202791894,0.05000000000000071
2026-01-20,11.45,11.463163801655172,0.0,11.4,,sube,False,0.06316380165517188,0.049999999999998934
2026-01-21,11.4,11.4134858520329,0.0,11.39,,sube,False,0.023485852032900212,0.009999999999999787
2026-01-22,11.39,11.403177845776082,0.0,11.35,,sube,False,0.05317784577608187,0.040000000000000924
2026-01-23,11.35,11.363233751021324,0.0,11.35,,sube,False,0.013233751021324736,0.0
2026-01-26,11.35,11.366777420267463,0.0,11.38,,sube,True,0.013222579732538264,0.030000000000001137
2026-01-27,11.38,11.396402870193125,0.0,11.48,,sube,True,0.08359712980687561,0.09999999999999964
2026-01-28,11.48,11.495620859786868,0.0,11.54,,sube,True,0.04437914021313105,0.05999999999999872
2026-01-29,11.54,11.555250860489904,0.0,11.49,,sube,False,0.06525086048990403,0.049999999999998934
2026-01-30,11.49,11.505797616802157,0.0,11.6,,sube,True,0.09420238319784247,0.10999999999999943
2026-02-02,11.6,11.615185974240303,0.0,11.45,,sube,False,0.16518597424030368,0.15000000000000036
2026-02-03,11.45,11.4665412921831,0.0,11.4,,sube,False,0.0665412921830999,0.049999999999998934
2026-02-04,11.4,11.416906228363516,0.0,11.35,,sube,False,0.06690622836351601,0.05000000000000071
2026-02-05,11.35,11.367144646905361,0.0,11.7,,sube,True,0.3328553530946383,0.34999999999999964
2026-02-06,11.7,11.714567882232368,0.0,11.73,,sube,True,0.015432117767632647,0.030000000000001137
2026-02-09,11.73,11.744477861225606,0.0,11.5,,sube,False,0.24447786122560622,0.23000000000000043
2026-02-10,11.5,11.516439999714493,0.0,11.45,,sube,False,0.06643999971449333,0.05000000000000071
2026-02-11,11.45,11.466931212432682,0.0,11.5,,sube,True,0.033068787567318125,0.05000000000000071
2026-02-12,11.5,11.516771543435752,0.0,11.5,,sube,False,0.016771543435751823,0.0
2026-02-13,11.5,11.516554763689637,0.0,11.5,,sube,False,0.016554763689637042,0.0
2026-02-16,11.5,11.523489636071027,0.0,11.4,,sube,False,0.12348963607102625,0.09999999999999964
2026-02-17,11.4,11.423945135734977,0.0,11.6,,sube,True,0.17605486426502281,0.1999999999999993
2026-02-18,11.6,11.622930101417005,0.0,11.42,,sube,False,0.20293010141700485,0.17999999999999972
2026-02-19,11.42,11.443519894219936,0.0,11.66,,sube,True,0.2164801057800645,0.2400000000000002
2026-02-20,11.66,11.682314510829746,0.0,11.64,,sube,False,0.0423145108297458,0.019999999999999574
2026-02-23,11.64,11.662547986805441,0.0,11.57,,sube,False,0.09254798680544063,0.07000000000000028
2026-02-24,11.57,11.593118883334101,0.0,11.6,,sube,True,0.00688111666589819,0.02999999999999936
2026-02-25,11.6,11.623008157797157,0.0,11.7,,sube,True,0.07699184220284216,0.09999999999999964
2026-02-26,11.7,11.7230519477278,0.0,11.7,,sube,False,0.023051947727800837,0.0
2026-02-27,11.7,11.723312668092548,0.0,11.69,,sube,False,0.03331266809254885,0.009999999999999787
2026-03-02,11.69,11.71356787327677,0.0,11.64,,sube,False,0.07356787327676884,0.049999999999998934
2026-03-03,11.64,11.663994742222132,0.0,11.61,,sube,False,0.053994742222132075,0.030000000000001137
2026-03-04,11.61,11.634263810701668,0.0,11.45,,sube,False,0.18426381070166897,0.16000000000000014
2026-03-05,11.45,11.474849022589623,0.0,11.35,,sube,False,0.12484902258962371,0.09999999999999964
2026-03-06,11.35,11.375024604238568,0.0,11.55,,sube,True,0.1749753957614324,0.20000000000000107
2026-03-09,11.55,11.542022577673198,0.0,11.64,,baja,False,0.09797742232680307,0.08999999999999986
2026-03-10,11.64,11.63120168976486,0.0,11.67,,baja,False,0.038798310235140576,0.02999999999999936
2026-03-11,11.67,11.66076442334801,0.0,11.73,,baja,False,0.06923557665199098,0.0600000000000005
2026-03-12,11.73,11.720091993249953,0.0,11.7,,baja,True,0.020091993249954143,0.030000000000001137
2026-03-13,11.7,11.690267605036498,0.0,11.75,,baja,False,0.059732394963502244,0.05000000000000071
2026-03-16,11.75,11.739843840263784,0.0,11.85,,baja,False,0.11015615973621529,0.09999999999999964
2026-03-17,11.85,11.83921700835228,0.0,11.85,,baja,True,0.010782991647719342,0.0
2026-03-18,11.85,11.839538094326855,0.0,11.55,,baja,True,0.2895380943268542,0.29999999999999893
2026-03-19,11.55,11.542337184064092,0.0,11.73,,baja,False,0.1876628159359086,0.17999999999999972
2026-03-20,11.73,11.721184752434493,0.0,11.55,,baja,True,0.17118475243449183,0.17999999999999972
2026-03-23,11.55,11.542797837257387,0.0,11.56,,baja,False,0.017202162742613325,0.009999999999999787
2026-03-24,11.56,11.552612882815302,0.0,11.7,,baja,False,0.14738711718469766,0.1399999999999988
2026-03-25,11.7,11.691255425103009,0.0,11.6,,baja,True,0.0912554251030091,0.09999999999999964
2026-03-26,11.6,11.591924540065229,0.0,11.65,,baja,False,0.0580754599347717,0.05000000000000071
2026-03-27,11.65,11.641241501532495,0.0,11.77,,baja,False,0.12875849846750498,0.11999999999999922
2026-03-30,11.77,11.782519821450114,0.0,11.2,,sube,False,0.5825198214501146,0.5700000000000003
2026-03-31,11.2,11.217880908437072,0.0,11.7,,sube,True,0.482119091562927,0.5
2026-04-01,11.7,11.712505385540426,0.0,11.7,,sube,False,0.012505385540427127,0.0
2026-04-06,11.7,11.712734612114728,0.0,11.8,,sube,True,0.08726538788527272,0.10000000000000142
2026-04-07,11.8,11.811928310804069,0.0,11.85,,sube,True,0.03807168919593096,0.049999999999998934
2026-04-08,11.85,11.861530283540487,0.0,11.85,,sube,False,0.011530283540487574,0.0
2026-04-09,11.85,11.862689616680147,0.0,11.75,,sube,False,0.11268961668014654,0.09999999999999964
2026-04-10,11.75,11.763807570897043,0.0,11.7,,sube,False,0.06380757089704403,0.05000000000000071
2026-04-13,11.7,11.714437265880406,0.0,11.7,,sube,False,0.014437265880406613,0.0
2026-04-14,11.7,11.714394138976932,0.0,11.096,,sube,False,0.6183941389769316,0.6039999999999992
2026-04-15,11.096,11.11557304418087,0.0,11.135,,sube,True,0.019426955819129788,0.0389999999999997
2026-04-16,11.135,11.153043561056256,0.0,10.932,,sube,False,0.22104356105625556,0.2029999999999994
2026-04-17,10.932,10.950740914948286,0.0,11.077,,sube,True,0.12625908505171424,0.14499999999999957
2026-04-20,11.077,11.09291503288597,0.0,11.077,,sube,False,0.015915032885969183,0.0
2026-04-21,11.077,11.091529667757452,0.0,11.18,,sube,True,0.0884703322425473,0.10299999999999976
2026-04-23,11.18,11.18414334718138,0.0,11.2,,sube,True,0.01585665281861992,0.019999999999999574
2026-04-24,11.2,11.203373150713741,0.0,11.2,,sube,False,0.0033731507137417793,0.0
2026-04-27,11.2,11.203332826606928,0.0,10.97,,sube,False,0.23333282660692767,0.22999999999999865
2026-04-28,10.97,10.975474524907769,0.0,10.95,,sube,False,0.02547452490776969,0.02000000000000135
2026-04-29,10.95,10.955425882823764,0.0,11.5,,sube,True,0.5445741171762357,0.5500000000000007
2026-04-30,11.5,11.500011120773852,0.0,11.14,,sube,False,0.36001112077385145,0.35999999999999943
2026-05-04,11.14,11.144229631125928,0.0,11.21,,sube,True,0.06577036887407317,0.07000000000000028
2026-05-05,11.21,11.213592612706126,0.0,11.35,,sube,True,0.13640738729387358,0.1399999999999988
2026-05-06,11.35,11.352702106945216,0.0,11.3,,sube,False,0.05270210694521538,0.049999999999998934
2026-05-07,11.3,11.303905862905086,0.0,11.28,,sube,False,0.023905862905087005,0.02000000000000135
2026-05-08,11.28,11.283756139315665,0.0,11.11,,sube,False,0.1737561393156657,0.16999999999999993
2026-05-11,11.11,11.115772404931484,0.0,11.15,,sube,True,0.03422759506851669,0.040000000000000924
2026-05-12,11.15,11.155348218232394,0.0,11.01,,sube,False,0.1453482182323942,0.14000000000000057
2026-05-13,11.01,11.016471989005804,0.0,11.1,,sube,True,0.08352801099419516,0.08999999999999986
2026-05-14,11.1,11.105178694240749,0.0,11.12,,sube,True,0.014821305759250336,0.019999999999999574
2026-05-15,11.12,11.114381417371332,0.0,11.45,,baja,False,0.3356185826286673,0.33000000000000007
2026-05-18,11.45,11.44116449996829,0.0,11.5,,baja,False,0.05883550003171045,0.05000000000000071
2026-05-19,11.5,11.490775393433868,0.0,11.5,,baja,True,0.00922460656613211,0.0
2026-05-20,11.5,11.491254068911076,0.0,11.45,,baja,True,0.0412540689110763,0.05000000000000071
2026-05-21,11.45,11.442303008027373,0.0,11.55,,baja,False,0.10769699197262739,0.10000000000000142
2026-05-22,11.55,11.542071701958777,0.0,11.55,,baja,True,0.007928298041223414,0.0
2026-05-25,11.55,11.542562100961806,0.0,11.37,,baja,True,0.17256210096180702,0.1800000000000015
2026-05-26,11.37,11.364648978970944,0.0,11.36,,baja,True,0.004648978970944739,0.009999999999999787
2026-05-27,11.36,11.35475437015295,0.0,11.35,,baja,True,0.004754370152950216,0.009999999999999787
2026-05-28,11.35,11.344706119857728,0.0,11.42,,baja,False,0.07529388014227223,0.07000000000000028
2026-05-29,11.42,11.413517945036292,0.0,11.5,,baja,False,0.08648205496370842,0.08000000000000007
2026-06-01,11.5,11.492246047966182,0.0,11.5,,baja,True,0.007753952033818123,0.0
2026-06-02,11.5,11.492043824680149,0.0,11.27,,baja,True,0.22204382468014927,0.23000000000000043
2026-06-03,11.27,11.26399637941271,0.0,11.3,,baja,False,0.0360036205872909,0.030000000000001137
2026-06-04,11.3,11.293447875119746,0.0,11.3,,baja,True,0.006552124880254695,0.0
2026-06-05,11.3,11.316714221723378,0.0,11.2,,sube,False,0.1167142217233792,0.10000000000000142
2026-06-08,11.2,11.217139704339205,0.0,11.46,,sube,True,0.2428602956607957,0.26000000000000156
2026-06-09,11.46,11.47460501175374,0.0,11.62,,sube,True,0.14539498824625952,0.15999999999999837
2026-06-10,11.62,11.63391838684678,0.0,11.64,,sube,True,0.006081613153220644,0.02000000000000135
2026-06-11,11.64,11.65441978607327,0.0,11.68,,sube,True,0.025580213926730266,0.03999999999999915
2026-06-12,11.68,11.694807807654142,0.0,11.85,,sube,True,0.1551921923458579,0.16999999999999993
2026-06-15,11.85,11.864782944135369,0.0,11.87,,sube,True,0.005217055864630282,0.019999999999999574
2026-06-16,11.87,11.88590077780187,0.0,11.89,,sube,True,0.004099222198130192,0.02000000000000135
2026-06-17,11.89,11.906848092935979,0.0,11.88,,sube,False,0.02684809293597823,0.009999999999999787
2026-06-18,11.88,11.898060106597843,0.0,11.85,,sube,False,0.04806010659784299,0.030000000000001137
2026-06-19,11.85,11.869141473770142,0.0,11.95,,sube,True,0.08085852622985712,0.09999999999999964
2026-06-22,11.95,11.968540710881351,0.0,11.93,,sube,False,0.03854071088135136,0.019999999999999574
2026-06-23,11.93,11.94886194754392,0.0,11.99,,sube,True,0.04113805245608049,0.0600000000000005
2026-06-24,11.99,12.008369680009784,0.0,11.93,,sube,False,0.07836968000978395,0.0600000000000005
2026-06-25,11.93,11.94880776014179,0.0,12.0,,sube,True,0.05119223985821009,0.07000000000000028
2026-06-26,12.0,12.023104551807045,0.0,12.1,,sube,True,0.07689544819295513,0.09999999999999964
2026-06-30,12.1,12.122879718989132,0.0,12.13,,sube,True,0.007120281010868368,0.030000000000001137
2026-07-01,12.13,12.153115776851775,0.0,12.12,,sube,False,0.033115776851776246,0.010000000000001563
2026-07-02,12.12,12.143400054126975,0.0,12.2,,sube,True,0.05659994587302464,0.08000000000000007
2026-07-03,12.2,12.223562545701862,0.0,12.05,,sube,False,0.17356254570186103,0.14999999999999858
2026-07-06,12.05,12.07443508170545,0.0,12.03,,sube,False,0.044435081705451296,0.02000000000000135
2026-07-07,12.03,12.054505992606279,0.0,12.02,,sube,False,0.03450599260627918,0.009999999999999787
2026-07-08,12.02,12.0444563549757,0.0,11.99,,sube,False,0.05445635497570045,0.02999999999999936
2026-07-09,11.99,12.014449867382643,0.0,12.02,,sube,True,0.005550132617356596,0.02999999999999936
2026-07-10,12.02,12.04391329817474,0.0,12.25,,sube,True,0.20608670182526012,0.23000000000000043
2026-07-13,12.25,12.273097249493002,0.0,12.48,,sube,True,0.20690275050699825,0.23000000000000043
2026-07-14,12.48,12.502691095992922,0.0,12.52,,sube,True,0.017308904007077075,0.03999999999999915
2026-07-15,12.52,12.543274768143892,0.0,12.9,,sube,True,0.3567252318561085,0.3800000000000008
2026-07-16,12.9,12.923114750906825,0.0,12.78,,sube,False,0.14311475090682535,0.120000000000001
2026-07-17,12.78,12.805213532522318,0.0,12.62,,sube,False,0.18521353252231876,0.16000000000000014
