fecha,precio_actual,real,pred_transformer,pred_std,baseline_naive,err_transformer,err_naive
2024-08-13,200.34,207.94,200.7991669698246,1.3851065503433233,200.34,7.140833030175401,7.599999999999994
2024-08-14,200.4,210.24,200.83457939196379,1.4044839899987096,200.4,9.405420608036223,9.840000000000003
2024-08-15,204.06,211.55,204.5861428399477,1.3446640033274946,204.06,6.963857160052299,7.490000000000009
2024-08-16,205.8,213.97,206.73278025621548,1.1477249437943158,205.8,7.237219743784522,8.169999999999987
2024-08-19,206.19,215.45,207.0646070536785,1.3790010161697808,206.19,8.385392946321502,9.259999999999991
2024-08-20,207.94,214.52,208.7729755269922,1.5456189583987054,207.94,5.747024473007798,6.5800000000000125
2024-08-21,210.24,214.6,210.9364732163586,1.7049126394092866,210.24,3.6635267836414016,4.359999999999985
2024-08-22,211.55,216.63,211.7761776203057,1.1434792307205441,211.55,4.853822379694293,5.079999999999984
2024-08-23,213.97,218.31,214.62959532009438,1.529964822158206,213.97,3.680404679905621,4.340000000000003
2024-08-26,215.45,219.17,215.87825807491316,1.3499239493161497,215.45,3.291741925086825,3.719999999999999
2024-08-27,214.52,220.18,214.9690255941171,1.3878141716122627,214.52,5.210974405882894,5.659999999999997
2024-08-28,214.6,221.29,215.40789871923624,1.2500293677672971,214.6,5.882101280763749,6.689999999999998
2024-08-29,216.63,222.21,216.9001168758329,1.6036440342664662,216.63,5.309883124167101,5.5800000000000125
2024-08-30,218.31,224.8,218.63169794579966,1.59334610346707,218.31,6.168302054200353,6.490000000000009
2024-09-03,219.17,220.3,219.5014875778742,1.4226960953324976,219.17,0.7985124221258104,1.1300000000000239
2024-09-04,220.18,219.33,220.44285374928268,1.3684817343950328,220.18,-1.1128537492826638,-0.8499999999999943
2024-09-05,221.29,217.63,221.58865372274067,1.8815128851682061,221.29,-3.958653722740678,-3.6599999999999966
2024-09-06,222.21,212.46,222.8442756135855,1.2165445027872863,222.21,-10.384275613585487,-9.75
2024-09-09,224.8,216.81,225.45377574209124,1.3873667405918297,224.8,-8.643775742091236,-7.990000000000009
2024-09-10,220.3,205.56,220.6329673571978,1.5879673205315896,220.3,-15.072967357197797,-14.740000000000009
2024-09-11,219.33,207.23,220.893648462072,5.936350585296765,219.33,-13.663648462072018,-12.100000000000023
2024-09-12,217.63,206.6,220.07686717540955,6.620450705885901,217.63,-13.476867175409552,-11.030000000000001
2024-09-13,212.46,204.32,214.55213850654664,6.655086451619866,212.46,-10.232138506546647,-8.140000000000015
2024-09-16,216.81,207.86,219.154496923415,7.322797607779506,216.81,-11.294496923414982,-8.949999999999989
2024-09-17,205.56,209.25,207.9095824092254,7.347687491849058,205.56,1.3404175907745923,3.6899999999999977
2024-09-18,207.23,207.53,211.07517457375303,5.635097006447609,207.23,-3.5451745737530302,0.30000000000001137
2024-09-19,206.6,210.48,211.49605854114517,6.706718278937046,206.6,-1.0160585411451848,3.8799999999999955
2024-09-20,204.32,211.09,209.41705110430715,6.197623356431734,204.32,1.6729488956928549,6.77000000000001
2024-09-23,207.86,211.44,210.60534026645126,5.793875095359994,207.86,0.8346597335487331,3.579999999999984
2024-09-24,209.25,211.59,210.52346765412483,5.848303883895284,209.25,1.0665323458751743,2.3400000000000034
2024-09-25,207.53,210.19,208.9909604171943,6.283993288539364,207.53,1.1990395828057103,2.6599999999999966
2024-09-26,210.48,209.78,212.24508852623404,6.054163300320511,210.48,-2.465088526234041,-0.6999999999999886
2024-09-27,211.09,210.5,213.42805118170565,6.879007123559717,211.09,-2.928051181705655,-0.5900000000000034
2024-09-30,211.44,210.86,212.88902599095368,6.193532192893315,211.44,-2.02902599095367,-0.5799999999999841
2024-10-01,211.59,207.04,212.35381191594524,6.806362261436874,211.59,-5.3138119159452515,-4.550000000000011
2024-10-02,210.19,207.29,211.9895277105924,7.605854945108291,210.19,-4.699527710592406,-2.9000000000000057
2024-10-03,209.78,205.23,211.39880495952445,6.737112521268415,209.78,-6.168804959524465,-4.550000000000011
2024-10-04,210.5,211.22,211.14806805338245,6.668418718725434,210.5,0.07193194661755342,0.7199999999999989
2024-10-07,210.86,210.93,212.02217569080648,6.7974448683857815,210.86,-1.0921756908064708,0.06999999999999318
2024-10-08,207.04,210.75,206.96967850853108,6.317313080653548,207.04,3.780321491468925,3.710000000000008
2024-10-09,207.29,213.42,206.8812883642735,9.548780816569916,207.29,6.538711635726486,6.1299999999999955
2024-10-10,205.23,212.84,205.84411579425446,10.572586335316316,205.23,6.99588420574554,7.610000000000014
2024-10-11,211.22,222.29,214.0253233132884,9.788785295002157,211.22,8.264676686711596,11.069999999999993
2024-10-14,210.93,221.48,212.35039120484143,10.437013684250417,210.93,9.12960879515856,10.549999999999983
2024-10-15,210.75,222.39,213.6822018419951,9.976500928923485,210.75,8.707798158004891,11.639999999999986
2024-10-16,213.42,223.64,214.89053978545587,12.146889095678944,213.42,8.749460214544115,10.219999999999999
2024-10-17,212.84,224.42,213.82795529880096,10.3216767789051,212.84,10.592044701199029,11.579999999999984
2024-10-18,222.29,225.37,220.5870854842197,11.038732037469742,222.29,4.7829145157803055,3.0800000000000125
2024-10-21,221.48,223.0,222.01463986455227,9.57216922122987,221.48,0.9853601354477348,1.5200000000000102
2024-10-22,222.39,224.12,221.45251395354512,10.257164343819028,222.39,2.667486046454883,1.7300000000000182
2024-10-23,223.64,223.41,225.24489228458143,11.448068463280805,223.64,-1.8348922845814286,-0.22999999999998977
2024-10-24,224.42,224.98,225.79583078896624,10.655610405765486,224.42,-0.8158307889662524,0.5600000000000023
2024-10-25,225.37,222.31,227.8554914057534,9.62901560273022,225.37,-5.54549140575341,-3.0600000000000023
2024-10-28,223.0,225.5,224.51494538325815,10.380541553050278,223.0,0.9850546167418486,2.5
2024-10-29,224.12,222.9,223.33815545708873,9.048855346292271,224.12,-0.43815545708872605,-1.2199999999999989
2024-10-30,223.41,224.41,225.80174890266733,10.79050876654685,223.41,-1.3917489026673309,1.0
2024-10-31,224.98,221.92,225.6875807283679,10.499382336847475,224.98,-3.7675807283679035,-3.0600000000000023
2024-11-01,222.31,222.94,223.26734850149137,9.99783319603651,222.31,-0.32734850149137174,0.6299999999999955
2024-11-04,225.5,219.78,227.11220903788694,10.99337801903485,225.5,-7.3322090378869405,-5.719999999999999
2024-11-05,222.9,221.49,224.45088300824165,8.4713359535113,222.9,-2.9608830082416375,-1.4099999999999966
2024-11-06,224.41,247.06,224.48124690223426,2.217729567233448,224.41,22.57875309776574,22.650000000000006
2024-11-07,221.92,236.38,222.3790849416074,2.0695232679322544,221.92,14.000915058392593,14.460000000000008
2024-11-08,222.94,236.98,222.8889692088644,2.253012346066555,222.94,14.09103079113558,14.039999999999992
2024-11-11,219.78,239.29,220.35515285446075,1.9306556397769725,219.78,18.934847145539237,19.50999999999999
2024-11-12,221.49,239.56,221.36703909020872,1.917391235567635,221.49,18.19296090979128,18.069999999999993
2024-11-13,247.06,241.16,247.04047431672544,2.287469221064839,247.06,-5.88047431672544,-5.900000000000006
2024-11-14,236.38,241.87,236.61220255000052,1.7796122331358504,236.38,5.257797449999487,5.490000000000009
2024-11-15,236.98,245.31,237.0840404072305,1.9204234572686403,236.98,8.225959592769499,8.330000000000013
2024-11-18,239.29,245.03,239.09919776662602,2.4561567471176318,239.29,5.930802233373981,5.740000000000009
2024-11-19,239.56,243.09,239.11552133552496,2.035882661491655,239.56,3.9744786644750434,3.530000000000001
2024-11-20,241.16,240.78,240.8333144848887,2.5376469425391406,241.16,-0.05331448488868773,-0.37999999999999545
2024-11-21,241.87,244.76,241.9461333226075,2.4380453167669316,241.87,2.8138666773924967,2.8899999999999864
2024-11-22,245.31,248.55,245.2210252718843,2.244889968065536,245.31,3.3289747281157247,3.240000000000009
2024-11-25,245.03,250.29,245.18097946252615,2.2479228321183484,245.03,5.109020537473839,5.259999999999991
2024-11-26,243.09,249.97,243.5480845991103,1.961266433335851,243.09,6.421915400889702,6.8799999999999955
2024-11-27,240.78,249.79,240.90696918506177,2.284958589030424,240.78,8.883030814938223,9.009999999999991
2024-11-29,244.76,249.72,244.7429845635997,2.4202828440349435,244.76,4.977015436400308,4.960000000000008
2024-12-02,248.55,246.25,247.8587674696185,2.689448806075376,248.55,-1.608767469618499,-2.3000000000000114
2024-12-03,250.29,244.82,250.70269766651325,2.1306915398500905,250.29,-5.882697666513252,-5.469999999999999
2024-12-04,249.97,243.4,249.51590609177947,2.599484866214908,249.97,-6.115906091779465,-6.569999999999993
2024-12-05,249.79,245.48,251.1133763890713,6.757761006429774,249.79,-5.633376389071316,-4.310000000000002
2024-12-06,249.72,247.36,253.2687883652374,4.859238411672436,249.72,-5.908788365237399,-2.359999999999985
2024-12-09,246.25,243.81,246.58959184664533,5.8120477674901565,246.25,-2.7795918466453315,-2.4399999999999977
2024-12-10,244.82,242.86,246.49293407468124,7.173275990858627,244.82,-3.6329340746812306,-1.9599999999999795
2024-12-11,243.4,243.53,245.0078325197287,5.149029762782163,243.4,-1.4778325197287074,0.12999999999999545
2024-12-12,245.48,241.53,247.96585217593235,5.8887980187311655,245.48,-6.435852175932354,-3.9499999999999886
2024-12-13,247.36,239.94,248.43690948193895,6.289767745211719,247.36,-8.496909481938957,-7.420000000000016
2024-12-16,243.81,239.58,245.57388611080125,5.37312187906349,243.81,-5.993886110801242,-4.22999999999999
2024-12-17,242.86,238.36,243.3622626897693,6.11119848422706,242.86,-5.002262689769282,-4.5
2024-12-18,243.53,230.37,245.23919638173655,5.4751436664908795,243.53,-14.869196381736543,-13.159999999999997
2024-12-19,241.53,232.96,242.95072648356665,6.188323800712851,241.53,-9.990726483566647,-8.569999999999993
2024-12-20,239.94,237.6,241.69127605726945,6.423470239564779,239.94,-4.091276057269454,-2.3400000000000034
2024-12-23,239.58,238.39,242.40073309198024,5.424234345294536,239.58,-4.010733091980256,-1.1900000000000261
2024-12-24,238.36,242.31,240.89101998660715,6.001525880098342,238.36,1.4189800133928543,3.9499999999999886
2024-12-26,230.37,243.14,232.55390408227223,5.685140896998348,230.37,10.58609591772776,12.769999999999982
2024-12-27,232.96,241.17,234.9555357366614,6.17304494306444,232.96,6.214464263338584,8.20999999999998
2024-12-30,237.6,239.32,239.64808068763466,6.056537408530687,237.6,-0.32808068763466736,1.7199999999999989
2024-12-31,238.39,239.71,240.5297795480862,5.779985750354825,238.39,-0.8197795480861885,1.3200000000000216
2025-01-02,242.31,240.0,243.50610326975584,7.774144472256268,242.31,-3.5061032697558403,-2.3100000000000023
2025-01-03,243.14,243.28,244.8891011564061,6.687068738490353,243.14,-1.6091011564060977,0.14000000000001478
2025-01-06,241.17,240.85,242.58719431305303,1.2265506879519705,241.17,-1.7371943130530383,-0.3199999999999932
2025-01-07,239.32,243.17,240.443757555522,1.315617571212357,239.32,2.7262424444779754,3.8499999999999943
2025-01-08,239.71,243.13,241.0061695566308,1.334327669721091,239.71,2.123830443369201,3.4199999999999875
2025-01-10,240.0,239.87,240.824216528479,1.8223762683570328,240.0,-0.9542165284790087,-0.12999999999999545
2025-01-13,243.28,244.21,244.99851386936382,1.3636920456960695,243.28,-0.7885138693638112,0.9300000000000068
2025-01-14,240.85,247.47,242.0810132663976,1.2884064223989924,240.85,5.388986733602394,6.6200000000000045
2025-01-15,243.17,252.35,244.2969699470978,1.1528842554800178,243.17,8.053030052902187,9.180000000000007
2025-01-16,243.13,254.27,244.3216792631522,1.5186321962624731,243.13,9.948320736847819,11.140000000000015
2025-01-17,239.87,259.16,241.02766743940302,1.3982146708387972,239.87,18.132332560597007,19.29000000000002
2025-01-21,244.21,263.03,245.45196050618776,1.3684980972111305,244.21,17.578039493812213,18.819999999999965
2025-01-22,247.47,262.84,248.4430018069502,1.181818004390209,247.47,14.396998193049768,15.369999999999976
2025-01-23,252.35,265.95,253.8567371912114,1.4516659682616364,252.35,12.09326280878858,13.599999999999994
2025-01-24,254.27,264.84,255.31296295480797,1.243656932534634,254.27,9.527037045192003,10.569999999999965
2025-01-27,259.16,265.85,260.06829368478617,1.2769200033601464,259.16,5.781706315213853,6.689999999999998
2025-01-28,263.03,267.14,264.14119810457333,1.2978813198767511,263.03,2.998801895426652,4.110000000000014
2025-01-29,262.84,266.58,263.749934549313,1.6273127693496576,262.84,2.830065450686959,3.740000000000009
2025-01-30,265.95,268.23,267.0225071490369,1.6332074651867288,265.95,1.2074928509630922,2.2800000000000296
2025-01-31,264.84,267.3,265.8572029337938,1.279894810756673,264.84,1.4427970662061966,2.4600000000000364
2025-02-03,265.85,266.81,266.79598783371966,1.3882844419498497,265.85,0.014012166280338079,0.9599999999999795
2025-02-04,267.14,267.94,268.04573242263865,1.245648066122044,267.14,-0.10573242263865268,0.8000000000000114
2025-02-05,266.58,270.43,267.26641128647833,2.3945644827652472,266.58,3.1635887135216763,3.8500000000000227
2025-02-06,268.23,276.9,268.431311590228,1.6791076883766891,268.23,8.468688409771971,8.669999999999959
2025-02-07,267.3,275.8,268.1343683265359,1.667968088570035,267.3,7.665631673464134,8.5
2025-02-10,266.81,271.04,267.5211167475302,2.491417366396661,266.81,3.518883252469834,4.230000000000018
2025-02-11,267.94,274.99,268.04906942073956,2.089110832521669,267.94,6.940930579260453,7.050000000000011
2025-02-12,270.43,275.45,271.16851726822784,2.07023644343019,270.43,4.281482731772144,5.019999999999982
2025-02-13,276.9,276.32,277.9096903000632,2.1376288840360758,276.9,-1.5896903000631823,-0.5799999999999841
2025-02-14,275.8,276.59,276.5084038444282,1.9952684090658863,275.8,0.08159615557178768,0.7899999999999636
2025-02-18,271.04,279.95,271.6588598497142,1.8397456439770963,271.04,8.291140150285798,8.909999999999968
2025-02-19,274.99,279.25,275.5987503356766,1.8398891890980167,274.99,3.651249664323416,4.259999999999991
2025-02-20,275.45,266.8,275.8363810500199,1.9116398190707287,275.45,-9.036381050019884,-8.649999999999977
2025-02-21,276.32,264.24,276.4365271878778,2.142813853425878,276.32,-12.196527187877791,-12.079999999999984
2025-02-24,276.59,261.34,276.9808450291503,1.9170125933270583,276.59,-15.640845029150341,-15.25
2025-02-25,279.95,257.4,280.70316694497825,2.261940354360263,279.95,-23.303166944978273,-22.55000000000001
2025-02-26,279.25,258.79,279.93846148960523,2.1354111119173353,279.25,-21.14846148960521,-20.45999999999998
2025-02-27,266.8,259.05,267.0998321641283,1.9008627703785805,266.8,-8.049832164128304,-7.75
2025-02-28,264.24,264.65,264.5947177376505,1.981814243867973,264.24,0.05528226234946487,0.40999999999996817
2025-03-03,261.34,260.62,261.85284141074163,1.8433430442028111,261.34,-1.232841410741628,-0.7199999999999704
2025-03-04,257.4,250.25,259.0861250511091,2.2045252965017994,257.4,-8.836125051109093,-7.149999999999977
2025-03-05,258.79,251.53,259.96462015509604,1.8477977277897821,258.79,-8.434620155096042,-7.260000000000019
2025-03-06,259.05,246.54,259.6860274515301,2.6092507988214493,259.05,-13.146027451530102,-12.51000000000002
2025-03-07,264.65,242.28,265.2625171164423,2.245228760242412,264.65,-22.982517116442324,-22.369999999999976
2025-03-10,260.62,232.22,261.2064336414635,1.9449943476915337,260.62,-28.986433641463492,-28.400000000000006
2025-03-11,250.25,229.14,250.79931547388435,2.6937268689274845,250.25,-21.659315473884362,-21.110000000000014
2025-03-12,251.53,227.9,251.0393610535562,2.2666201943159194,251.53,-23.1393610535562,-23.629999999999995
2025-03-13,246.54,225.19,246.6275906887278,2.811471248567102,246.54,-21.437590688727795,-21.349999999999994
2025-03-14,242.28,232.44,242.84342344984412,2.5822821417450825,242.28,-10.403423449844126,-9.840000000000003
2025-03-17,232.22,233.93,232.52358505155894,2.4451752158999227,232.22,1.4064149484410677,1.710000000000008
2025-03-18,229.14,234.97,229.69646158799526,3.028417510986344,229.14,5.27353841200474,5.8300000000000125
2025-03-19,227.9,239.11,228.2526198715344,3.1859191760420913,227.9,10.857380128465621,11.210000000000008
2025-03-20,225.19,239.01,225.24556231820955,2.3769425040483156,225.19,13.76443768179044,13.819999999999993
2025-03-21,232.44,241.63,232.85497183013706,2.1106090286374126,232.44,8.775028169862935,9.189999999999998
2025-03-24,233.93,248.06,234.41847804985943,2.3859319859743096,233.93,13.641521950140572,14.129999999999995
2025-03-25,234.97,251.13,236.34547176763417,2.439970512092117,234.97,14.78452823236583,16.159999999999997
2025-03-26,239.11,251.03,240.08038714736702,2.182688851654518,239.11,10.949612852632981,11.919999999999987
2025-03-27,239.01,248.12,240.4052465571463,2.212133292853821,239.01,7.7147534428536915,9.110000000000014
2025-03-28,241.63,242.85,242.7478758007288,2.4660929188132457,241.63,0.10212419927120209,1.2199999999999989
2025-03-31,248.06,245.3,248.84565956935288,2.836170771420001,248.06,-3.545659569352864,-2.759999999999991
2025-04-01,251.13,243.66,252.411493922472,2.3321201831102485,251.13,-8.751493922472008,-7.469999999999999
2025-04-02,251.03,245.82,252.56514864474534,2.6237230533361355,251.03,-6.745148644745342,-5.210000000000008
2025-04-03,248.12,228.69,249.33671699702742,1.040304013639684,248.12,-20.646716997027426,-19.430000000000007
2025-04-04,242.85,210.28,243.70998660437763,1.0921857106685593,242.85,-33.42998660437763,-32.56999999999999
2025-04-07,245.3,214.44,246.04818330369892,1.0620555002987544,245.3,-31.608183303698922,-30.860000000000014
2025-04-08,243.66,216.87,244.56864996165038,1.3909636428952297,243.66,-27.698649961650375,-26.789999999999992
2025-04-09,245.82,234.34,246.56509977236388,0.9728072543442181,245.82,-12.225099772363876,-11.47999999999999
2025-04-10,228.69,227.11,229.44952189631758,1.0376197835803112,228.69,-2.3395218963175637,-1.579999999999984
2025-04-11,210.28,236.2,211.20496357664464,1.0222940945625396,210.28,24.995036423355344,25.919999999999987
2025-04-14,214.44,234.72,215.5230014115572,0.9612933896482048,214.44,19.196998588442796,20.28
2025-04-15,216.87,233.13,217.76154830902814,1.1158866369724478,216.87,15.368451690971852,16.25999999999999
2025-04-16,234.34,229.61,235.37525260686874,1.1608565498888481,234.34,-5.765252606868728,-4.72999999999999
2025-04-17,227.11,231.96,228.00891787126662,1.008106247782706,227.11,3.9510821287333897,4.849999999999994
2025-04-21,236.2,228.99,237.09708496272563,0.9373306645452999,236.2,-8.107084962725622,-7.2099999999999795
2025-04-22,234.72,235.59,235.68355977699161,1.2989948235452289,234.72,-0.09355977699161144,0.8700000000000045
2025-04-23,233.13,240.88,233.91638242140414,1.2071835272014084,233.13,6.9636175785958585,7.75
2025-04-24,229.61,244.64,230.66896526023746,0.9627658230066345,229.61,13.97103473976253,15.029999999999973
2025-04-25,231.96,243.55,232.84137666501107,0.8747034368664117,231.96,10.708623334988943,11.590000000000003
2025-04-28,228.99,243.22,230.29401284515856,1.2468073776364292,228.99,12.925987154841437,14.22999999999999
2025-04-29,235.59,244.62,236.35495844736698,1.1519563415646417,235.59,8.265041552633022,9.030000000000001
2025-04-30,240.88,244.62,241.6813908986002,1.1876308123767387,240.88,2.9386091013998055,3.740000000000009
2025-05-01,244.64,246.89,245.07727219097316,1.0968680846690972,244.64,1.8127278090268248,2.25
2025-05-02,243.55,252.51,244.27840835571288,9.386031672954573,243.55,8.231591644287107,8.95999999999998
2025-05-05,243.22,252.56,242.26947216153144,10.077882858514812,243.22,10.290527838468563,9.340000000000003
2025-05-06,244.62,249.25,245.57827277243138,10.726953711509736,244.62,3.671727227568624,4.6299999999999955
2025-05-07,244.62,249.39,245.30651832923294,10.222937564849843,244.62,4.083481670767043,4.769999999999982
2025-05-08,246.89,253.47,244.25964280873535,11.323379129171371,246.89,9.210357191264649,6.5800000000000125
2025-05-09,252.51,253.08,253.87594495370982,11.910274140834787,252.51,-0.7959449537098067,0.5700000000000216
2025-05-12,252.56,260.05,252.29284769020973,10.009231141805685,252.56,7.7571523097902855,7.490000000000009
2025-05-13,249.25,263.01,249.2031860886747,10.301968262195572,249.25,13.806813911325293,13.759999999999991
2025-05-14,249.39,265.64,249.18356409303843,9.537448153495774,249.39,16.45643590696156,16.25
2025-05-15,253.47,267.49,256.1945844742656,9.472382594346982,253.47,11.295415525734427,14.02000000000001
2025-05-16,253.08,267.56,252.78308487504725,9.731175884008422,253.08,14.776915124952751,14.47999999999999
2025-05-19,260.05,264.88,259.1241174863279,10.798228909969339,260.05,5.755882513672077,4.829999999999984
2025-05-20,263.01,265.68,260.3205496007204,11.052767493724787,263.01,5.359450399279581,2.670000000000016
2025-05-21,265.64,261.04,266.7997695249319,9.65154425382616,265.64,-5.759769524931869,-4.599999999999966
2025-05-22,267.49,260.67,265.94979181349277,10.133000485897071,267.49,-5.27979181349275,-6.819999999999993
2025-05-23,267.56,260.71,264.78895521909,12.734991492033032,267.56,-4.078955219090005,-6.850000000000023
2025-05-27,264.88,265.29,266.2696424992383,9.126507290601694,264.88,-0.9796424992382526,0.410000000000025
2025-05-28,265.68,263.49,264.2415216711164,10.271456763744311,265.68,-0.751521671116393,-2.1899999999999977
2025-05-29,261.04,264.37,259.26729567438366,11.05255788564682,261.04,5.102704325616344,3.329999999999984
2025-05-30,260.67,264.0,256.5675135087967,10.89388795137404,260.67,7.432486491203292,3.329999999999984
2025-06-02,260.71,264.66,261.7188348048925,8.864913028478668,260.71,2.941165195107544,3.9500000000000455
2025-06-03,265.29,266.27,265.75060868024826,6.581287533640875,265.29,0.519391319751719,0.9799999999999613
2025-06-04,263.49,264.22,263.5163851431571,7.06976563632486,263.49,0.7036148568429326,0.7300000000000182
2025-06-05,264.37,261.95,262.4787944236398,7.113538649082159,264.37,-0.5287944236397948,-2.420000000000016
2025-06-06,264.0,265.73,265.39751315578815,7.2755555510520935,264.0,0.33248684421187136,1.7300000000000182
2025-06-09,264.66,266.74,265.37228126443927,8.211586624383926,264.66,1.367718735560743,2.079999999999984
2025-06-10,266.27,268.6,266.2769157311017,7.734781494140634,266.27,2.323084268898299,2.330000000000041
2025-06-11,264.22,268.15,264.4993592334539,8.845588515996894,264.22,3.6506407665460756,3.92999999999995
2025-06-12,261.95,268.24,261.32833112441,9.231044248342528,261.95,6.91166887559001,6.2900000000000205
2025-06-13,265.73,264.95,267.5948416554928,7.471602493524529,265.73,-2.644841655492826,-0.7800000000000296
2025-06-16,266.74,270.36,265.6634684418142,8.532222748994798,266.74,4.696531558185825,3.6200000000000045
2025-06-17,268.6,269.52,269.52057131543756,9.008770940303805,268.6,-0.000571315437582598,0.9199999999999591
2025-06-18,268.15,273.96,268.044928721264,7.8662353408336685,268.15,5.915071278735979,5.810000000000002
2025-06-20,268.24,275.0,269.9845926494897,7.095462487936004,268.24,5.015407350510316,6.759999999999991
2025-06-23,264.95,278.27,265.249072323814,8.759397336244604,264.95,13.020927676185977,13.319999999999993
2025-06-24,270.36,281.26,270.8905589316785,7.62664570093159,270.36,10.369441068321464,10.899999999999977
2025-06-25,269.52,284.06,268.58220870479937,7.928683334589039,269.52,15.477791295200632,14.54000000000002
2025-06-26,273.96,288.75,273.7080659867823,8.642817211151112,273.96,15.041934013217713,14.79000000000002
2025-06-27,275.0,287.11,275.9468234594166,7.61871271133424,275.0,11.163176540583436,12.110000000000014
2025-06-30,278.27,289.91,276.89391757979985,8.104783701896679,278.27,13.016082420200178,11.640000000000043
2025-07-01,281.26,290.41,283.3919114060048,1.1978409639745564,281.26,7.01808859399523,9.150000000000034
2025-07-02,284.06,292.0,286.64402304677293,1.4501174229383196,284.06,5.355976953227071,7.939999999999998
2025-07-03,288.75,296.0,290.93973875198515,1.558248747540631,288.75,5.060261248014854,7.25
2025-07-07,287.11,291.97,289.1123316519614,1.1443903302075569,287.11,2.857668348038601,4.860000000000014
2025-07-08,289.91,282.78,292.175955111105,1.3522046252899145,289.91,-9.395955111105025,-7.130000000000052
2025-07-09,290.41,283.16,292.87747131423095,1.599736396260539,290.41,-9.71747131423092,-7.25
2025-07-10,292.0,288.19,294.18444704137744,1.2553607956878636,292.0,-5.994447041377441,-3.8100000000000023
2025-07-11,296.0,286.86,297.94059630331583,1.2727150562591873,296.0,-11.080596303315815,-9.139999999999986
2025-07-14,291.97,288.7,294.10049220747317,1.3067497875028948,291.97,-5.400492207473178,-3.2700000000000387
2025-07-15,282.78,286.55,285.0281473360583,1.231323572159738,282.78,1.5218526639417291,3.7700000000000387
2025-07-16,283.16,285.82,285.1521271512285,1.539482939103607,283.16,0.6678728487714807,2.659999999999968
2025-07-17,288.19,289.9,290.50070321862586,1.3854011835763345,288.19,-0.6007032186258812,1.7099999999999795
2025-07-18,286.86,291.27,288.96469267429785,1.2196506748628053,286.86,2.305307325702131,4.409999999999968
2025-07-21,288.7,290.97,290.84433757511897,1.413917446974665,288.7,0.12566242488105672,2.2700000000000387
2025-07-22,286.55,291.43,288.3205117986072,0.92945964069105,286.55,3.1094882013928213,4.8799999999999955
2025-07-23,285.82,296.76,288.1906047451496,1.2142998841125632,285.82,8.569395254850406,10.939999999999998
2025-07-24,289.9,296.55,291.86398141383194,1.5720402417471178,289.9,4.686018586168075,6.650000000000034
2025-07-25,291.27,298.62,293.5179105904512,1.2013708962313672,291.27,5.102089409548796,7.350000000000023
2025-07-28,290.97,298.28,292.7824351102487,1.2451775468047686,290.97,5.497564889751288,7.309999999999945
2025-07-29,291.43,297.04,293.7504920331761,1.3104326268192494,291.43,3.289507966823919,5.610000000000014
2025-07-30,296.76,299.63,298.21993152335284,0.835276331801424,296.76,1.4100684766471545,2.8700000000000045
2025-07-31,296.55,296.24,298.1296788075194,1.0858561844844417,296.55,-1.889678807519374,-0.3100000000000023
2025-08-01,298.62,289.37,300.2656375402026,1.0796042826957546,298.62,-10.895637540202586,-9.25
2025-08-04,298.28,294.26,299.9885396564379,1.0027438147086514,298.28,-5.728539656437931,-4.019999999999982
2025-08-05,297.04,291.37,298.6604531358835,0.7410281804110923,297.04,-7.290453135883467,-5.670000000000016
2025-08-06,299.63,291.35,301.2272659267485,1.038126169983343,299.63,-9.877265926748464,-8.279999999999973
2025-08-07,296.24,286.94,297.94677066349885,0.9186434574401687,296.24,-11.006770663498855,-9.300000000000011
2025-08-08,289.37,288.76,291.2395991499443,0.9216783430426858,289.37,-2.479599149944306,-0.6100000000000136
2025-08-11,294.26,289.56,295.8601740018046,0.9039714488409345,294.26,-6.300174001804578,-4.699999999999989
2025-08-12,291.37,292.85,293.09883229427976,0.84708077663322,291.37,-0.24883229427973674,1.4800000000000182
2025-08-13,291.35,290.53,293.00952133756596,0.7897115719202361,291.35,-2.479521337565984,-0.82000000000005
2025-08-14,286.94,294.16,288.7090807702299,1.111249159527972,286.94,5.450919229770136,7.220000000000027
2025-08-15,288.76,290.49,290.61289635696915,0.941953845857654,288.76,-0.12289635696913592,1.7300000000000182
2025-08-18,289.56,291.53,291.08619392048564,0.9039502853807448,289.56,0.4438060795143315,1.9699999999999704
2025-08-19,292.85,290.66,294.5792210664787,1.1182403639657537,292.85,-3.9192210664786558,-2.1899999999999977
2025-08-20,290.53,292.24,292.1129905202612,0.7786079042963934,290.53,0.12700947973883103,1.7100000000000364
2025-08-21,294.16,291.47,295.7361969927559,0.9060392267187467,294.16,-4.266196992755852,-2.6899999999999977
2025-08-22,290.49,296.24,292.2995899028471,0.9581575669906783,290.49,3.940410097152892,5.75
2025-08-25,291.53,294.9,293.1242764886841,0.8853887391602484,291.53,1.7757235113159027,3.3700000000000045
2025-08-26,290.66,298.57,292.21794546569697,0.9745829087030415,290.66,6.352054534303022,7.909999999999968
2025-08-27,292.24,299.28,294.25673975899815,8.568529386520424,292.24,5.023260241001822,7.039999999999964
2025-08-28,291.47,301.07,291.21969121443107,11.988332408070619,291.47,9.850308785568927,9.599999999999966
2025-08-29,296.24,301.42,298.9381323079765,8.738411955237382,296.24,2.4818676920235134,5.180000000000007
2025-09-02,294.9,299.7,295.46437152642756,9.657237334847423,294.9,4.235628473572433,4.800000000000011
2025-09-03,298.57,299.51,300.9988952340186,8.275356464385993,298.57,-1.4888952340186279,0.9399999999999977
2025-09-04,299.28,303.82,300.8991738583147,10.244882867336287,299.28,2.920826141685268,4.5400000000000205
2025-09-05,301.07,294.38,304.55680608257654,7.8904540276527655,301.07,-10.176806082576547,-6.689999999999998
2025-09-08,301.42,292.91,302.6807611800731,10.082724028825737,301.42,-9.770761180073066,-8.509999999999991
2025-09-09,299.7,297.85,301.10125667296353,9.348213727474217,299.7,-3.251256672963507,-1.849999999999966
2025-09-10,299.51,300.54,299.1606394722499,9.018669742345878,299.51,1.3793605277501229,1.0300000000000296
2025-09-11,303.82,305.56,304.41958504024893,8.450217344164798,303.82,1.1404149597510695,1.740000000000009
2025-09-12,294.38,306.91,296.8196178914606,9.073489948511167,294.38,10.090382108539416,12.53000000000003
2025-09-15,292.91,308.9,296.0249811270833,9.04004525065426,292.91,12.875018872916655,15.989999999999952
2025-09-16,297.85,309.19,298.796382214278,10.436884935498256,297.85,10.393617785721972,11.339999999999975
2025-09-17,300.54,311.75,301.6779845020175,9.67050885081295,300.54,10.072015497982477,11.20999999999998
2025-09-18,305.56,313.23,305.4563951727096,9.54989227294925,305.56,7.773604827290399,7.670000000000016
2025-09-19,306.91,314.78,308.2797092673183,8.269735198020953,306.91,6.500290732681663,7.869999999999948
2025-09-22,308.9,312.44,309.55521588675674,9.514429613947868,308.9,2.8847841132432563,3.5400000000000205
2025-09-23,309.19,312.74,308.9919221477397,9.301530579924588,309.19,3.7480778522603373,3.5500000000000114
2025-09-24,311.75,313.42,314.4322972373664,9.33406595528129,311.75,-1.012297237366397,1.670000000000016
2025-09-25,313.23,313.45,314.34859245345,1.5905199873447486,313.23,-0.8985924534500214,0.21999999999997044
2025-09-26,314.78,316.06,315.9951940193772,1.5289784435927913,314.78,0.06480598062279341,1.2800000000000296
2025-09-29,312.44,315.69,313.4182559927553,1.3540134237706525,312.44,2.271744007244706,3.25
2025-09-30,312.74,315.43,313.96200293391945,1.925526966154564,312.74,1.4679970660805566,2.6899999999999977
2025-10-01,313.42,310.71,314.573327318579,2.005064813643685,313.42,-3.8633273185790244,-2.7100000000000364
2025-10-02,313.45,307.55,314.1754151940346,1.9546631696820214,313.45,-6.625415194034588,-5.899999999999977
2025-10-03,316.06,310.03,316.919368993938,1.6561587037145955,316.06,-6.889368993938035,-6.03000000000003
2025-10-06,315.69,309.18,316.8929261250794,2.1802816969156424,315.69,-7.7129261250793775,-6.509999999999991
2025-10-07,315.43,307.69,316.3782537738979,1.884128319919114,315.43,-8.688253773897884,-7.740000000000009
2025-10-08,310.71,304.03,312.4630198864638,2.0208657015860467,310.71,-8.433019886463853,-6.680000000000007
2025-10-09,307.55,305.53,308.7773611198366,1.7787305532395408,307.55,-3.2473611198366257,-2.0200000000000387
2025-10-10,310.03,300.89,311.17555613785976,1.9139786817133881,310.03,-10.285556137859771,-9.139999999999986
2025-10-13,309.18,307.97,310.41518657416105,1.7505113071203482,309.18,-2.4451865741610277,-1.2099999999999795
2025-10-14,307.69,302.08,309.10865207627415,1.8099266096949123,307.69,-7.02865207627417,-5.610000000000014
2025-10-15,304.03,305.69,305.14227393969895,2.004331393092855,304.03,0.547726060301045,1.660000000000025
2025-10-16,305.53,298.54,306.88680306285613,2.089789182543768,305.53,-8.346803062856111,-6.989999999999952
2025-10-17,300.89,297.56,302.3066445586085,1.9550608934462161,300.89,-4.746644558608523,-3.329999999999984
2025-10-20,307.97,302.36,309.00831936821345,1.9459944149851367,307.97,-6.648319368213436,-5.610000000000014
2025-10-21,302.08,297.09,303.0995169560611,2.0896307229995728,302.08,-6.009516956061134,-4.990000000000009
2025-10-22,305.69,294.11,306.79803563147783,2.3135987511276994,305.69,-12.688035631477817,-11.579999999999984
2025-10-23,298.54,294.54,300.7777507598884,2.3252049386315434,298.54,-6.237750759888399,-4.0
2025-10-24,297.56,300.44,299.0420475574676,2.5719425046071365,297.56,1.3979524425324144,2.8799999999999955
2025-10-27,302.36,304.15,303.9310364583414,2.4220393899828423,302.36,0.21896354165858156,1.7899999999999636
2025-10-28,297.09,305.36,298.556233257465,3.2099139540176793,297.09,6.803766742535004,8.270000000000039
2025-10-29,294.11,305.51,295.40846456645056,2.859157448299243,294.11,10.10153543354943,11.399999999999977
2025-10-30,294.54,309.44,296.1314983995492,2.4531999315786948,294.54,13.308501600450825,14.899999999999977
2025-10-31,300.44,311.12,301.83220863215155,2.4897515949141393,300.44,9.287791367848456,10.680000000000007
2025-11-03,304.15,309.35,305.53903190919664,2.978007789878177,304.15,3.810968090803385,5.2000000000000455
2025-11-04,305.36,309.25,307.08290953308347,2.4202673321124166,305.36,2.167090466916534,3.8899999999999864
2025-11-05,305.51,311.68,307.0486271486664,2.559252757783952,305.51,4.6313728513335946,6.170000000000016
2025-11-06,309.44,313.42,310.782854554872,2.628990521607932,309.44,2.6371454451279988,3.980000000000018
2025-11-07,311.12,314.21,312.3451409265725,2.956441098563346,311.12,1.8648590734274535,3.089999999999975
2025-11-10,309.35,316.89,311.37302976069975,2.5078500983304934,309.35,5.516970239300235,7.539999999999964
2025-11-11,309.25,315.62,310.6436495466577,2.72235066184777,309.25,4.97635045334232,6.3700000000000045
2025-11-12,311.68,320.41,313.1848278696183,3.1812453152239755,311.68,7.225172130381736,8.730000000000018
2025-11-13,313.42,309.48,314.7441469142167,2.3809330358170087,313.42,-5.264146914216667,-3.9399999999999977
2025-11-14,314.21,303.61,315.511172128818,2.473509894637459,314.21,-11.901172128817961,-10.599999999999966
2025-11-17,316.89,300.37,317.68382828659384,2.5399810467380917,316.89,-17.313828286593832,-16.519999999999982
2025-11-18,315.62,299.41,316.5595444093342,2.793535708319382,315.62,-17.14954440933417,-16.20999999999998
2025-11-19,320.41,303.27,321.8907204122609,2.490722246654343,320.41,-18.620720412260937,-17.140000000000043
2025-11-20,309.48,298.38,311.5267866841983,4.4594439222663596,309.48,-13.146786684198332,-11.100000000000023
2025-11-21,303.61,298.02,306.0684554496966,5.125032099150133,303.61,-8.048455449696633,-5.590000000000032
2025-11-24,300.37,298.0,301.4504798611067,5.536452756300548,300.37,-3.4504798611067145,-2.3700000000000045
2025-11-25,299.41,303.0,300.9395166319609,4.96827293761072,299.41,2.0604833680391152,3.589999999999975
2025-11-26,303.27,307.64,304.3184733862709,5.054728177450556,303.27,3.321526613729077,4.3700000000000045
2025-11-28,298.38,313.08,298.80889327984534,6.191382108926803,298.38,14.271106720154648,14.699999999999989
2025-12-01,298.02,308.92,298.7003692348208,5.813037419244665,298.02,10.219630765179204,10.900000000000034
2025-12-02,298.0,307.88,299.78837742049245,5.622698355168097,298.0,8.091622579507543,9.879999999999995
2025-12-03,303.0,312.13,303.6267955092434,4.5159757765754875,303.0,8.503204490756616,9.129999999999995
2025-12-04,307.64,316.1,309.115205054814,4.936298954635845,307.64,6.9847949451860245,8.460000000000036
2025-12-05,313.08,315.04,314.1150786477327,5.258463349454132,313.08,0.9249213522673472,1.9600000000000364
2025-12-08,308.92,315.21,309.25580923354255,5.029307840168485,308.92,5.95419076645743,6.289999999999964
2025-12-09,307.88,300.51,308.21261152402036,5.235505422167478,307.88,-7.702611524020369,-7.3700000000000045
2025-12-10,312.13,310.11,314.22254331620405,4.9216723886505065,312.13,-4.1125433162040395,-2.019999999999982
2025-12-11,316.1,317.38,317.4821046692133,5.745018633939253,316.1,-0.10210466921330408,1.2799999999999727
2025-12-12,315.04,318.52,316.38249572137374,4.76416529186065,315.04,2.1375042786262384,3.4799999999999613
2025-12-15,315.21,320.02,315.86779168638867,5.572958171218659,315.21,4.152208313611311,4.810000000000002
2025-12-16,300.51,315.55,301.9848630810901,5.773943112604343,300.51,13.5651369189099,15.04000000000002
2025-12-17,310.11,314.98,312.0356898920517,5.52502657637001,310.11,2.944310107948297,4.8700000000000045
2025-12-18,317.38,313.0,317.8142796460981,4.957326292730897,317.38,-4.8142796460981,-4.3799999999999955
2025-12-19,318.52,317.21,319.58208473721515,3.728039435185451,318.52,-2.372084737215175,-1.3100000000000023
2025-12-22,320.02,323.09,321.87016996851185,5.263426014371248,320.02,1.2198300314881294,3.069999999999993
2025-12-23,315.55,325.93,316.74956278032624,3.663579815793753,315.55,9.180437219673763,10.379999999999995
2025-12-24,314.98,329.17,315.22750536554145,4.433755682744049,314.98,13.94249463445857,14.189999999999998
2025-12-26,313.0,327.91,313.84857835385947,3.7241817425191357,313.0,14.061421646140559,14.910000000000025
2025-12-29,317.21,323.75,318.9797549780644,4.310097884610229,317.21,4.77024502193558,6.5400000000000205
2025-12-30,323.09,323.42,323.46151511215135,4.567740166112799,323.09,-0.04151511215133041,0.3300000000000409
2025-12-31,325.93,322.22,326.56615067538803,4.202253290079568,325.93,-4.346150675388003,-3.7099999999999795
2026-01-02,329.17,325.48,329.3745554981241,5.324177577942635,329.17,-3.8945554981240775,-3.6899999999999977
2026-01-05,327.91,334.04,328.4030844367925,4.197356355823558,327.91,5.636915563207538,6.1299999999999955
2026-01-06,323.75,334.61,325.8763181699067,4.521499143950621,323.75,8.733681830093303,10.860000000000014
2026-01-07,323.42,326.99,323.38736274656986,4.856952585391696,323.42,3.602637253430146,3.569999999999993
2026-01-08,322.22,329.79,323.6637891600095,4.485264619030033,322.22,6.126210839990506,7.569999999999993
2026-01-09,325.48,329.19,326.17925845908,5.0370033071190505,325.48,3.0107415409199803,3.7099999999999795
2026-01-12,334.04,324.49,335.05048318045215,4.452380365990109,334.04,-10.560483180452138,-9.550000000000011
2026-01-13,334.61,310.9,335.9402497755271,4.974940616041408,334.61,-25.040249775527116,-23.710000000000036
2026-01-14,326.99,307.87,328.19129667549396,3.8334315789118136,326.99,-20.321296675493954,-19.120000000000005
2026-01-15,329.79,309.26,331.40832510416396,4.578185365721595,329.79,-22.148325104163973,-20.53000000000003
2026-01-16,329.19,312.47,331.1889406139031,4.524259333759517,329.19,-18.7189406139031,-16.71999999999997
2026-01-20,324.49,302.74,326.1548736163508,4.546013692803683,324.49,-23.414873616350803,-21.75
2026-01-21,310.9,302.04,312.0835738055594,7.062769234329494,310.9,-10.04357380555939,-8.859999999999957
2026-01-22,307.87,303.63,309.5168668404501,6.979186287485049,307.87,-5.886866840450125,-4.240000000000009
2026-01-23,309.26,297.72,311.0950059522968,7.30568917118012,309.26,-13.37500595229676,-11.539999999999964
2026-01-26,312.47,301.04,314.09320733659905,7.410000437125518,312.47,-13.05320733659903,-11.430000000000007
2026-01-27,302.74,300.31,304.11431372441353,6.049424658305952,302.74,-3.8043137244135323,-2.430000000000007
2026-01-28,302.04,300.77,305.32401742881166,7.211086291186518,302.04,-4.554017428811676,-1.2700000000000387
2026-01-29,303.63,306.42,306.83996168456974,7.2584619350731145,303.63,-0.4199616845697278,2.7900000000000205
2026-01-30,297.72,305.89,299.82352793546397,6.714490262120989,297.72,6.066472064536015,8.169999999999959
2026-02-02,301.04,308.14,302.719729724275,6.164111883006967,301.04,5.420270275724988,7.099999999999966
2026-02-03,300.31,314.85,301.1372625900339,8.059543006718172,300.31,13.71273740996611,14.54000000000002
2026-02-04,300.77,317.27,302.7596170984581,5.770353530272871,300.77,14.510382901541902,16.5
2026-02-05,306.42,310.16,307.7182411027141,6.068200602270679,306.42,2.441758897285922,3.740000000000009
2026-02-06,305.89,322.4,309.039906877093,6.985264189131556,305.89,13.36009312290696,16.50999999999999
2026-02-09,308.14,322.1,310.2690220846049,6.9614874798432425,308.14,11.830977915395124,13.960000000000036
2026-02-10,314.85,318.28,315.5190734004788,6.524449642822162,314.85,2.760926599521156,3.42999999999995
2026-02-11,317.27,310.82,319.29002456770274,7.597735229544355,317.27,-8.470024567702751,-6.449999999999989
2026-02-12,310.16,302.64,314.09632258562374,7.072094801627088,310.16,-11.456322585623752,-7.520000000000039
2026-02-13,322.4,302.55,323.1006999898143,6.522805620245606,322.4,-20.55069998981429,-19.849999999999966
2026-02-17,322.1,307.13,323.1997338326974,7.149171404577771,322.1,-16.06973383269741,-14.970000000000027
2026-02-18,318.28,308.78,321.28556877439837,6.320367445051659,318.28,-12.505568774398398,-9.5
2026-02-19,310.82,308.05,311.9302680974547,1.4479030067473673,310.82,-3.880268097454689,-2.769999999999982
2026-02-20,302.64,310.79,303.5605507763754,1.1123873657919603,302.64,7.229449223624613,8.150000000000034
2026-02-23,302.55,297.67,303.72356113121845,1.5937570450921044,302.55,-6.05356113121843,-4.8799999999999955
2026-02-24,307.13,297.3,308.60158899325876,1.4074064305331717,307.13,-11.301588993258747,-9.829999999999984
2026-02-25,308.78,303.3,309.9792618975509,1.3023807882703977,308.78,-6.679261897550873,-5.479999999999961
2026-02-26,308.05,306.13,308.7940265398193,1.4797105172276588,308.05,-2.6640265398193037,-1.920000000000016
2026-02-27,310.79,300.3,311.9729964311235,1.489389667371313,310.79,-11.672996431123465,-10.490000000000009
2026-03-02,297.67,297.56,298.65307869724,1.3645947191770915,297.67,-1.0930786972400028,-0.11000000000001364
2026-03-03,297.3,300.26,298.4527938747406,1.8980772921070184,297.3,1.8072061252593699,2.9599999999999795
2026-03-04,303.3,299.39,304.55357927599925,1.428418979374669,303.3,-5.163579275999268,-3.910000000000025
2026-03-05,306.13,293.55,307.44593741941264,1.2210394281893855,306.13,-13.895937419412633,-12.579999999999984
2026-03-06,300.3,289.48,301.75830374383366,1.8151031842455154,300.3,-12.278303743833646,-10.819999999999993
2026-03-09,297.56,289.92,298.7180342950299,1.0836776055069777,297.56,-8.798034295029879,-7.639999999999986
2026-03-10,300.26,288.73,301.4930692421924,1.1367624258808746,300.26,-12.763069242192387,-11.529999999999973
2026-03-11,299.39,287.52,300.74184279382223,1.5312202092725897,299.39,-13.221842793822248,-11.870000000000005
2026-03-12,293.55,282.89,294.7950708692055,1.126824479838831,293.55,-11.905070869205531,-10.660000000000025
2026-03-13,289.48,283.44,290.71382412911396,1.4773047904111536,289.48,-7.273824129113962,-6.0400000000000205
2026-03-16,289.92,286.16,290.9150762600824,1.4383887832705113,289.92,-4.755076260082376,-3.759999999999991
2026-03-17,288.73,286.89,289.9692981736642,1.4356799479853066,288.73,-3.079298173664199,-1.8400000000000318
2026-03-18,287.52,287.74,288.40884106819516,1.2237196831777624,287.52,-0.6688410681951495,0.22000000000002728
2026-03-19,282.89,287.97,285.2088846670091,17.200034790560608,282.89,2.7611153329909257,5.080000000000041
2026-03-20,283.44,286.56,285.28997704592535,12.589795886278125,283.44,1.2700229540746477,3.1200000000000045
2026-03-23,286.16,289.91,284.9857875526604,13.839923239275834,286.16,4.924212447339642,3.75
2026-03-24,286.89,292.4,285.01683830267746,15.42615698009729,286.89,7.383161697322521,5.509999999999991
2026-03-25,287.74,295.42,284.95409152055163,12.37375925831492,287.74,10.465908479448387,7.680000000000007
2026-03-26,287.97,291.66,288.75872776276896,12.076126669645362,287.97,2.901272237231069,3.6899999999999977
2026-03-27,286.56,282.84,284.74587693639097,15.408704644739657,286.56,-1.905876936390996,-3.7200000000000273
2026-03-30,289.91,283.77,287.8281066936907,10.922425567135178,289.91,-4.058106693690718,-6.140000000000043
2026-03-31,292.4,294.16,293.95485073952,13.59924777343872,292.4,0.20514926048002735,1.7600000000000477
2026-04-01,295.42,295.38,294.7979720623186,12.125852190777664,295.42,0.5820279376814028,-0.040000000000020464
2026-04-02,291.66,294.6,287.5426545342244,15.383093552365949,291.66,7.057345465775597,2.9399999999999977
2026-04-06,282.84,295.45,281.707835986549,14.57035276845096,282.84,13.742164013450974,12.610000000000014
2026-04-07,283.77,297.4,282.23910885744726,14.812869959101079,283.77,15.160891142552714,13.629999999999995
2026-04-08,294.16,307.97,293.5492216211092,16.767225264236345,294.16,14.420778378890816,13.810000000000002
2026-04-09,295.38,310.33,292.81678080255165,16.683236949145794,295.38,17.513219197448336,14.949999999999989
2026-04-10,294.6,309.87,294.97428445301256,13.091982640922083,294.6,14.895715546987446,15.269999999999982
2026-04-13,295.45,313.68,294.047444615988,16.144672982990755,295.45,19.632555384011994,18.230000000000018
2026-04-14,297.4,311.12,293.790967698358,15.154525644183138,297.4,17.32903230164203,13.720000000000027
2026-04-15,307.97,305.93,307.38213351421524,14.68674851804974,307.97,-1.4521335142152338,-2.0400000000000205
2026-04-16,310.33,309.95,307.3146292326227,15.759394850060346,310.33,2.63537076737731,-0.37999999999999545
2026-04-17,309.87,310.29,310.0389975891774,2.7618286616914247,309.87,0.25100241082259345,0.4200000000000159
2026-04-20,313.68,316.99,314.46017006151845,2.517223798353257,313.68,2.529829938481555,3.3100000000000023
2026-04-21,311.12,313.0,311.8803240607539,2.170587406596212,311.12,1.1196759392461217,1.8799999999999955
2026-04-22,305.93,313.02,306.4249865847151,1.6878949053026417,305.93,6.595013415284882,7.089999999999975
2026-04-23,309.95,311.69,310.5842345431074,2.4849285873957,309.95,1.105765456892584,1.740000000000009
2026-04-24,310.29,308.28,310.76141426387943,2.3629059279896296,310.29,-2.481414263879458,-2.0100000000000477
2026-04-27,316.99,311.63,317.4681448254455,2.325049096159603,316.99,-5.838144825445511,-5.360000000000014
2026-04-28,313.0,311.45,313.3099207724887,2.051427234346079,313.0,-1.8599207724886924,-1.5500000000000114
2026-04-29,313.02,309.25,313.9252892256481,2.2828147592395567,313.02,-4.6752892256481005,-3.769999999999982
2026-04-30,311.69,313.23,312.39352439175826,2.2522553424537364,311.69,0.8364756082417557,1.5400000000000205
2026-05-01,308.28,312.47,309.10943338156676,2.1541501961834797,308.28,3.3605666184332676,4.190000000000055
2026-05-04,311.63,307.65,311.640566507724,2.6871174060553358,311.63,-3.9905665077239973,-3.980000000000018
2026-05-05,311.45,309.4,311.75131741486956,2.4500679670460386,311.45,-2.351317414869584,-2.0500000000000114
2026-05-06,309.25,314.9,310.0805301176803,2.5528634284436293,309.25,4.819469882319652,5.649999999999977
2026-05-07,313.23,306.27,313.5040253946279,2.104440931733677,313.23,-7.234025394627906,-6.960000000000036
2026-05-08,312.47,302.1,312.8612144441158,2.6623621493578185,312.47,-10.761214444115751,-10.370000000000005
2026-05-11,307.65,300.0,308.4582249659207,2.876820043679288,307.65,-8.458224965920692,-7.649999999999977
2026-05-12,309.4,304.88,309.7499177834694,2.5529101008549446,309.4,-4.869917783469418,-4.519999999999982
2026-05-13,314.9,300.25,315.1135753629438,2.340702708251797,314.9,-14.863575362943777,-14.649999999999977
2026-05-14,306.27,299.91,307.0884340314753,2.771947659980526,306.27,-7.178434031475263,-6.359999999999957
2026-05-15,302.1,297.81,303.43872902617795,5.837662489041691,302.1,-5.62872902617795,-4.2900000000000205
2026-05-18,300.0,300.73,302.3038356986269,5.688314443863931,300.0,-1.5738356986269082,0.7300000000000182
2026-05-19,304.88,295.7,306.9613738790806,7.1509433829784825,304.88,-11.261373879080622,-9.180000000000007
2026-05-20,300.25,301.98,299.7448963179789,6.64210397429764,300.25,2.2351036820211334,1.7300000000000182
2026-05-21,299.91,303.0,302.042057626769,6.604536878503836,299.91,0.957942373230992,3.089999999999975
2026-05-22,297.81,306.38,299.9657501683943,7.196338858045635,297.81,6.414249831605673,8.569999999999993
2026-05-26,300.73,306.74,300.02943511108407,4.75878984760493,300.73,6.71056488891594,6.009999999999991
2026-05-27,295.7,299.28,296.5200886077853,5.816799921207121,295.7,2.75991139221469,3.579999999999984
2026-05-28,301.98,296.73,302.0122591742187,7.395415570810428,301.98,-5.282259174218666,-5.25
2026-05-29,303.0,299.31,303.98702487583273,6.359644114561377,303.0,-4.677024875832728,-3.6899999999999977
2026-06-01,306.38,296.58,307.3082142945333,6.654577045105384,306.38,-10.728214294533302,-9.800000000000011
2026-06-02,306.74,300.96,308.8585462259129,6.678565091267217,306.74,-7.8985462259129235,-5.78000000000003
2026-06-03,299.28,300.85,299.32295238000427,6.080028649866563,299.28,1.5270476199957557,1.57000000000005
2026-06-04,296.73,310.89,297.04782270014056,6.056695590689799,296.73,13.84217729985943,14.159999999999968
2026-06-05,299.31,312.37,301.0347217976302,5.856613061241831,299.31,11.335278202369807,13.060000000000002
2026-06-08,296.58,311.11,297.4060051225265,7.063274240307521,296.58,13.70399487747352,14.53000000000003
2026-06-09,300.96,312.7,300.6379029394872,7.016424578763576,300.96,12.06209706051277,11.740000000000009
2026-06-10,300.85,309.14,303.17497358124706,7.495150318406559,300.85,5.965026418752927,8.289999999999964
2026-06-11,310.89,313.49,311.34411600647496,7.325826481208196,310.89,2.1458839935250467,2.6000000000000227
2026-06-12,312.37,320.72,311.8749361632671,7.531007316075318,312.37,8.845063836732947,8.350000000000023
2026-06-15,311.11,319.4,311.97024825114295,1.9500156886037416,311.11,7.429751748857029,8.289999999999964
2026-06-16,312.7,331.14,313.4714142647246,2.153199311355138,312.7,17.66858573527537,18.439999999999998
2026-06-17,309.14,333.46,309.0407729459787,2.1062315266579503,309.14,24.41922705402129,24.319999999999993
2026-06-18,313.49,325.22,313.8315624385863,2.1257813673746,313.49,11.388437561413753,11.730000000000018
2026-06-22,320.72,331.48,321.6262335553626,2.2522511471808,320.72,9.853766444637415,10.759999999999991
2026-06-23,319.4,334.14,320.00732409604825,1.8584903035033449,319.4,14.132675903951736,14.740000000000009
2026-06-24,331.14,333.45,332.0224226283794,2.038552466155977,331.14,1.4275773716206004,2.3100000000000023
2026-06-25,333.46,335.12,333.84116420897186,2.142875269101978,333.46,1.2788357910281434,1.660000000000025
2026-06-26,325.22,329.05,326.1241895397334,2.464155431315305,325.22,2.925810460266632,3.829999999999984
2026-06-29,331.48,329.39,332.51448062321174,1.923620735704901,331.48,-3.1244806232117526,-2.090000000000032
2026-06-30,334.14,327.33,334.6328738387162,2.415066280644396,334.14,-7.302873838716209,-6.810000000000002
2026-07-01,333.45,334.07,334.5162046870915,2.565396019686034,333.45,-0.44620468709149463,0.6200000000000045
2026-07-02,335.12,334.47,335.83121354041157,1.9961608065012797,335.12,-1.3612135404115406,-0.6499999999999773
2026-07-06,329.05,337.72,329.55621539657005,2.4443692131899297,329.05,8.163784603429974,8.670000000000016
2026-07-07,329.39,339.22,329.7867210020311,1.922944379048431,329.39,9.433278997968955,9.830000000000041
2026-07-08,327.33,330.62,327.77370215916073,1.9367029077000666,327.33,2.84629784083927,3.2900000000000205
2026-07-09,334.07,335.47,334.1178443386304,2.307829598449189,334.07,1.3521556613696362,1.400000000000034
2026-07-10,334.47,336.47,334.9919023414166,1.9379835147597078,334.47,1.4780976585834082,2.0
2026-07-13,337.72,334.53,338.1207962508174,1.7954107042494911,337.72,-3.590796250817448,-3.1900000000000546
2026-07-14,339.22,342.89,339.55759633244713,2.4544223981350797,339.22,3.332403667552853,3.669999999999959
2026-07-15,330.62,346.91,331.06594768376556,6.194362799543853,330.62,15.844052316234468,16.29000000000002
2026-07-16,335.47,343.15,334.5105558622559,5.149319851864163,335.47,8.639444137744078,7.67999999999995
2026-07-17,336.47,341.1,335.61428519429643,5.518813936132915,336.47,5.485714805703594,4.6299999999999955
2026-07-20,334.53,338.87,332.8716851632064,5.278061282821,334.53,5.998314836793611,4.340000000000032
2026-07-21,342.89,345.23,342.7367989870114,6.955375425051898,342.89,2.4932010129886066,2.340000000000032
2026-07-22,346.91,348.21,346.0880468208133,5.283981268387322,346.91,2.1219531791866757,1.2999999999999545
2026-07-23,343.15,349.9,341.5770902957534,6.426432416494947,343.15,8.32290970424657,6.75
2026-07-24,341.1,353.21,341.9177984760725,5.2994658655487115,341.1,11.292201523927474,12.109999999999957
2026-07-27,338.87,356.2,338.09699729838644,5.173310530744459,338.87,18.103002701613548,17.329999999999984
2026-07-28,345.23,349.69,345.1861720253558,4.775735023990308,345.23,4.503827974644196,4.4599999999999795
2026-07-29,348.21,344.8,348.31559898175414,6.113749833218776,348.21,-3.515598981754124,-3.409999999999968
2026-07-30,349.9,350.85,349.11085291891357,5.505507693253435,349.9,1.7391470810864575,0.9500000000000455
2026-07-31,353.21,351.79,353.15892296035685,5.883408189006104,353.21,-1.3689229603568265,-1.419999999999959
2026-08-03,356.2,352.64,355.3112479758449,4.603735645022255,356.2,-2.671247975844892,-3.5600000000000023
2026-08-04,349.69,357.52,349.25913103701083,5.415718669351179,349.69,8.26086896298915,7.829999999999984
2026-08-05,344.8,359.24,345.40776550837325,4.960567878466122,344.8,13.832234491626764,14.439999999999998
2026-08-06,350.85,356.3,350.8591049130333,5.632475846819602,350.85,5.440895086966691,5.449999999999989
2026-08-07,351.79,357.52,350.92580922684635,5.9312941404990625,351.79,6.594190773153628,5.729999999999961
2026-08-10,352.64,359.79,352.1965753856208,5.124556861911003,352.64,7.593424614379217,7.150000000000034
2026-08-11,357.52,362.65,357.6983416305436,5.054031376168098,357.52,4.951658369456368,5.1299999999999955
