fecha,precio_actual,real,pred_ensemble,pred_std,pred_nlin,pred_dlin,baseline_naive,err_ensemble,err_nlin,err_dlin,err_naive
2024-07-30,210.33,215.19,211.16620395613836,5.749822088330973,216.48118891820315,211.70634114325048,210.33,4.023796043861637,-1.2911889182031473,3.483658856749514,4.859999999999985
2024-07-31,208.59,212.8,209.11580028749069,5.804266800731426,212.63292079880833,207.41913358211517,208.59,3.6841997125093258,0.16707920119168307,5.380866417884846,4.210000000000008
2024-08-01,208.67,207.96,209.48654445035382,5.892582026123989,209.8386214827001,208.4890895885229,208.67,-1.5265444503538106,-1.8786214827000833,-0.5290895885228792,-0.7099999999999795
2024-08-02,212.24,199.14,213.19473549654708,5.764983791112911,215.23521125666798,211.61117406725884,212.24,-14.054735496547096,-16.095211256667994,-12.471174067258858,-13.100000000000023
2024-08-05,210.85,194.9,211.46500793411394,5.824608512967814,214.85303490906952,211.69586521685122,210.85,-16.565007934113936,-19.953034909069515,-16.79586521685121,-15.949999999999989
2024-08-06,215.19,200.34,216.12629456525667,6.036556877195835,216.68256260935217,215.43904562830926,215.19,-15.786294565256668,-16.34256260935217,-15.099045628309256,-14.849999999999994
2024-08-07,212.8,200.4,213.66622134512292,5.804087401181448,211.82609247323126,213.78664626777172,212.8,-13.266221345122915,-11.42609247323125,-13.38664626777171,-12.400000000000006
2024-08-08,207.96,204.06,208.56873245853,5.990961932390945,208.83343584615739,209.77106164455415,207.96,-4.508732458530005,-4.773435846157383,-5.7110616445541496,-3.9000000000000057
2024-08-09,199.14,205.8,199.9579169484414,5.98492824956773,200.62891115728763,200.45917004585266,199.14,5.842083051558603,5.171088842712379,5.3408299541473525,6.660000000000025
2024-08-12,194.9,206.19,195.8143211713992,5.963129373639816,196.87309223655612,196.42833039462568,194.9,10.375678828600797,9.31690776344388,9.761669605374323,11.289999999999992
2024-08-13,200.34,207.94,201.29145802237096,5.9814806051552125,205.09210186466575,199.55786433756353,200.34,6.648541977629037,2.8478981353342476,8.382135662436468,7.599999999999994
2024-08-14,200.4,210.24,201.37957249470057,5.580947922170168,201.0976557126269,199.86763000488284,200.4,8.860427505299441,9.142344287373106,10.372369995117168,9.840000000000003
2024-08-15,204.06,211.55,204.85999484186993,5.47019493877886,205.49174600936473,202.48314385771752,204.06,6.690005158130077,6.058253990635279,9.06685614228249,7.490000000000009
2024-08-16,205.8,213.97,206.70115925492718,5.841615468263626,209.77490396127104,205.95737611949443,205.8,7.268840745072822,4.195096038728963,8.012623880505572,8.169999999999987
2024-08-19,206.19,215.45,206.99215534027667,5.7292686358094045,210.5739922942221,208.4648399913311,206.19,8.457844659723321,4.87600770577788,6.985160008668885,9.259999999999991
2024-08-20,207.94,214.52,208.52640896095892,5.720905809849512,215.04926062092184,210.88140573143957,207.94,5.9935910390410925,-0.529260620921832,3.638594268560439,6.5800000000000125
2024-08-21,210.24,214.6,211.112422452271,5.6786431811749765,216.61085390388968,214.00020480394366,210.24,3.487577547728989,-2.010853903889682,0.5997951960563341,4.359999999999985
2024-08-22,211.55,216.63,212.2113379060291,5.713211155682814,212.91242867764086,213.98785682320596,211.55,4.418662093970909,3.7175713223591345,2.642143176794036,5.079999999999984
2024-08-23,213.97,218.31,214.46945364822633,5.734970978647482,214.45834037240596,216.33533791124822,213.97,3.8405463517736678,3.851659627594046,1.974662088751785,4.340000000000003
2024-08-26,215.45,219.17,216.39267118191347,5.810406658798456,216.02852068189532,216.64931406080723,215.45,2.7773288180865165,3.141479318104672,2.5206859391927594,3.719999999999999
2024-08-27,214.52,220.18,215.19008676137776,5.447017615288502,214.48014423901216,214.8993433994055,214.52,4.9899132386222504,5.699855760987845,5.2806566005945115,5.659999999999997
2024-08-28,214.6,221.29,215.01836295407264,5.421047394722706,215.21168824154884,214.13445206582546,214.6,6.271637045927349,6.07831175845115,7.155547934174535,6.689999999999998
2024-08-29,216.63,222.21,217.2808282349445,5.495257177948957,217.4013630703278,215.99235297918318,216.63,4.929171765055514,4.808636929672218,6.217647020816827,5.5800000000000125
2024-08-30,218.31,224.8,219.0918987512961,5.564627444744104,217.86445099677888,217.53829147875308,218.31,5.708101248703912,6.935549003221126,7.261708521246931,6.490000000000009
2024-09-03,219.17,220.3,219.72745034967548,5.732608884572983,219.4997482717782,218.19268006801605,219.17,0.5725496503245324,0.8002517282218093,2.107319931983966,1.1300000000000239
2024-09-04,220.18,219.33,220.80238955437207,5.634227757900959,222.52284828603268,219.34800102591515,220.18,-1.4723895543720573,-3.192848286032671,-0.01800102591514019,-0.8499999999999943
2024-09-05,221.29,217.63,221.9657055064663,5.643996490538143,219.28879298601296,220.85285577416417,221.29,-4.335705506466297,-1.658792986012969,-3.2228557741641737,-3.6599999999999966
2024-09-06,222.21,212.46,222.7673777737096,5.616821119934343,221.421598777771,222.12818160116674,222.21,-10.30737777370959,-8.961598777771002,-9.668181601166737,-9.75
2024-09-09,224.8,216.81,225.3507810264826,5.934307066351153,223.92217756025494,224.6717842400074,224.8,-8.540781026482591,-7.112177560254935,-7.86178424000741,-7.990000000000009
2024-09-10,220.3,205.56,220.9010565299541,6.000342576205725,217.74487551841887,220.71255794465543,220.3,-15.341056529954102,-12.184875518418863,-15.152557944655427,-14.740000000000009
2024-09-11,219.33,207.23,219.91452385459098,5.985794126987457,221.26229333125056,219.62265070259573,219.33,-12.684523854590992,-14.032293331250571,-12.392650702595745,-12.100000000000023
2024-09-12,217.63,206.6,218.35770078955218,5.770796580612654,217.81003690652548,217.87750059545039,217.63,-11.757700789552189,-11.210036906525488,-11.277500595450391,-11.030000000000001
2024-09-13,212.46,204.32,213.08480164691807,5.748781082779175,212.0874153565988,213.10827430844307,212.46,-8.764801646918073,-7.7674153565988036,-8.788274308443079,-8.140000000000015
2024-09-16,216.81,207.86,217.62337475320322,6.031060172617458,218.19545039948076,215.51878699421883,216.81,-9.763374753203209,-10.335450399480749,-7.658786994218815,-8.949999999999989
2024-09-17,205.56,209.25,206.2103013250418,6.450751995295292,202.02559393778444,206.00983643889427,205.56,3.0396986749582027,7.224406062215564,3.2401635611057316,3.6899999999999977
2024-09-18,207.23,207.53,207.98393354976548,6.304889787733572,207.09210627499968,206.76341716229913,207.23,-0.4539335497654804,0.43789372500032187,0.7665828377008665,0.30000000000001137
2024-09-19,206.6,210.48,207.51988431178032,5.987660736590641,213.8900386184454,206.70344885885714,206.6,2.9601156882196733,-3.4100386184454123,3.7765511411428463,3.8799999999999955
2024-09-20,204.32,211.09,205.056545599252,5.938211752474302,203.62913080759347,206.13427375078203,204.32,6.033454400748013,7.460869192406534,4.9557262492179746,6.77000000000001
2024-09-23,207.86,211.44,208.5580419708416,5.934513314813387,209.12419277917596,207.57209179162982,207.86,2.8819580291583975,2.3158072208240412,3.8679082083701815,3.579999999999984
2024-09-24,209.25,211.59,210.2383896927349,5.733660873770731,213.06704151034353,211.98836937546727,209.25,1.351610307265105,-1.4770415103435255,-0.3983693754672686,2.3400000000000034
2024-09-25,207.53,210.19,208.64443142846693,6.321687650829546,209.2280945237726,209.91367117375134,207.53,1.5455685715330674,0.9619054762274004,0.2763288262486583,2.6599999999999966
2024-09-26,210.48,209.78,211.07901747356868,6.412958662509908,217.06739384859802,214.39060216277838,210.48,-1.2990174735686821,-7.287393848598015,-4.6106021627783775,-0.6999999999999886
2024-09-27,211.09,210.5,212.0534414243279,6.591069178469468,211.5091868856363,214.40950164243577,211.09,-1.5534414243279002,-1.0091868856362964,-3.909501642435771,-0.5900000000000034
2024-09-30,211.44,210.86,212.37181199606974,6.1472319929301875,212.42905269984155,214.6244695751369,211.44,-1.5118119960697243,-1.569052699841535,-3.7644695751369,-0.5799999999999841
2024-10-01,211.59,207.04,212.29815833732485,6.295704444088045,216.78498249184338,213.73538696721195,211.59,-5.258158337324858,-9.744982491843388,-6.6953869672119595,-4.550000000000011
2024-10-02,210.19,207.29,211.30765397944955,6.260303564406911,207.11705765407532,212.11777673110367,210.19,-4.0176539794495625,0.1729423459246675,-4.8277767311036826,-2.9000000000000057
2024-10-03,209.78,205.23,210.70994762181772,5.970370257459592,211.38560767842458,210.68183446705342,209.78,-5.479947621817729,-6.1556076784245874,-5.4518344670534304,-4.550000000000011
2024-10-04,210.5,211.22,211.170926030213,6.1923294739797825,214.34106261853128,210.8348267096281,210.5,0.049073969787002625,-3.1210626185312833,0.3851732903719096,0.7199999999999989
2024-10-07,210.86,210.93,211.6106946828263,6.267988810315728,211.42414450272452,210.61888044759633,210.86,-0.6806946828262994,-0.4941445027245095,0.3111195524036816,0.06999999999999318
2024-10-08,207.04,210.75,208.00049828158225,6.262929713949575,211.8109959260747,207.16586325481535,207.04,2.749501718417747,-1.0609959260746962,3.584136745184651,3.710000000000008
2024-10-09,207.29,213.42,208.11518888521474,6.268803204558793,209.77279312506317,207.24818888440728,207.29,5.304811114785252,3.6472068749368134,6.171811115592703,6.1299999999999955
2024-10-10,205.23,212.84,206.2121300289035,5.986747066751121,205.22459752098658,205.99531563445925,205.23,6.627869971096516,7.615402479013426,6.844684365540758,7.610000000000014
2024-10-11,211.22,222.29,211.73214222358772,6.040282132774593,210.45492251028307,211.32735929638147,211.22,10.557857776412277,11.835077489716923,10.962640703618519,11.069999999999993
2024-10-14,210.93,221.48,211.98191651437432,6.132774415947495,213.06554418431594,211.12739432245493,210.93,9.49808348562567,8.41445581568405,10.352605677545057,10.549999999999983
2024-10-15,210.75,222.39,211.58860847739035,5.873017838336523,213.37012283330782,211.81122031286358,210.75,10.801391522609634,9.019877166692169,10.578779687136404,11.639999999999986
2024-10-16,213.42,223.64,214.06104154397963,6.076199285946785,213.1655916830897,213.92932842910287,213.42,9.57895845602036,10.474408316910285,9.71067157089712,10.219999999999999
2024-10-17,212.84,224.42,213.83524822163864,5.887550265379247,214.50234098515475,215.55123806729915,212.84,10.584751778361351,9.917659014845242,8.868761932700835,11.579999999999984
2024-10-18,222.29,225.37,223.03937057246918,6.544304524287583,219.26400591481476,222.38478448629377,222.29,2.3306294275308232,6.105994085185245,2.985215513706237,3.0800000000000125
2024-10-21,221.48,223.0,221.94617948863885,6.29666022177787,218.93151283249256,222.8987477022409,221.48,1.0538205113611525,4.068487167507442,0.10125229775908906,1.5200000000000102
2024-10-22,222.39,224.12,223.11163782554212,6.53252043791116,226.50053179111333,222.68569484233856,222.39,1.0083621744578863,-2.3805317911133272,1.4343051576614414,1.7300000000000182
2024-10-23,223.64,223.41,224.7553049990395,6.417779134325684,221.26576377227903,224.40267477080226,223.64,-1.345304999039513,2.144236227720967,-0.9926747708022674,-0.22999999999998977
2024-10-24,224.42,224.98,225.31883894525933,6.477325235940498,224.47170899644956,226.19604990169404,224.42,-0.3388389452593401,0.5082910035504256,-1.2160499016940491,0.5600000000000023
2024-10-25,225.37,222.31,226.24358896522781,6.302978334538665,226.62868084883317,224.95861383408308,225.37,-3.9335889652278127,-4.318680848833168,-2.648613834083079,-3.0600000000000023
2024-10-28,223.0,225.5,224.13893618658648,6.279926435276877,224.1663832877716,223.27545077994463,223.0,1.361063813413523,1.3336167122284053,2.2245492200553656,2.5
2024-10-29,224.12,222.9,224.9338435033569,6.5917146802693765,227.35574730409311,222.6369554564357,224.12,-2.0338435033569056,-4.455747304093109,0.2630445435643196,-1.2199999999999989
2024-10-30,223.41,224.41,224.64927924945485,6.539912681020809,223.65569652162029,222.92074929982425,223.41,-0.23927924945485302,0.7543034783797111,1.4892507001757451,1.0
2024-10-31,224.98,221.92,226.05460543882566,6.415472217090439,228.00850380130112,223.9233013984561,224.98,-4.134605438825673,-6.08850380130113,-2.0033013984561023,-3.0600000000000023
2024-11-01,222.31,222.94,223.06727756967769,6.491768098808819,221.22109676028137,221.36948660448195,222.31,-0.12727756967768755,1.7189032397186281,1.5705133955180486,0.6299999999999955
2024-11-04,225.5,219.78,226.28863806550856,6.338699726015335,224.6267852051044,225.0116449415684,225.5,-6.508638065508563,-4.846785205104396,-5.2316449415683905,-5.719999999999999
2024-11-05,222.9,221.49,223.7732251107693,6.344717159047718,225.07584038587288,222.7299355456233,222.9,-2.28322511076928,-3.5858403858728707,-1.2399355456232968,-1.4099999999999966
2024-11-06,224.41,247.06,225.44727469109,6.696344828307616,224.7952859659726,225.3951189133525,224.41,21.61272530891,22.264714034027406,21.66488108664751,22.650000000000006
2024-11-07,221.92,236.38,222.98339928127825,6.236486531198011,223.98489596353843,222.140448140949,221.92,13.396600718721743,12.39510403646156,14.239551859051005,14.460000000000008
2024-11-08,222.94,236.98,223.83864238388372,6.24979192905127,224.06638704623097,224.31678560703995,222.94,13.141357616116267,12.913612953769018,12.663214392960043,14.039999999999992
2024-11-11,219.78,239.29,220.93421391550916,6.707406643591838,220.22864966055377,220.10868772521613,219.78,18.35578608449083,19.06135033944622,19.181312274783863,19.50999999999999
2024-11-12,221.49,239.56,222.46867772981992,6.134769777804621,222.9458128762059,222.86506853386763,221.49,17.091322270180086,16.614187123794096,16.694931466132374,18.069999999999993
2024-11-13,247.06,241.16,247.90054570250214,7.342114041224107,240.40989907417446,245.4427038769424,247.06,-6.740545702502146,0.7501009258255351,-4.282703876942406,-5.900000000000006
2024-11-14,236.38,241.87,237.4271711325226,6.811336271837376,228.24648987647143,238.23431363627313,236.38,4.442828867477402,13.623510123528575,3.635686363726876,5.490000000000009
2024-11-15,236.98,245.31,237.54515437877504,6.686369298510243,241.8255302724056,237.84477281168103,236.98,7.764845621224964,3.4844697275944156,7.465227188318977,8.330000000000013
2024-11-18,239.29,245.03,240.02606229576747,6.879203524999326,237.66678880296647,241.2112897258997,239.29,5.003937704232527,7.363211197033536,3.8187102741003116,5.740000000000009
2024-11-19,239.56,243.09,240.51026573459154,6.8241036449000205,238.34774290170986,244.38420024439694,239.56,2.5797342654084616,4.742257098290139,-1.294200244396933,3.530000000000001
2024-11-20,241.16,240.78,242.2548313480988,7.027358287125821,247.3089200731739,240.0711227223277,241.16,-1.4748313480988031,-6.528920073173907,0.7088772776723147,-0.37999999999999545
2024-11-21,241.87,244.76,242.72640584083274,7.305402319207786,236.54341155990957,241.7500398258865,241.87,2.033594159167251,8.216588440090419,3.009960174113502,2.8899999999999864
2024-11-22,245.31,248.55,246.13587966719177,7.1227115795761335,248.26820010875355,240.32115817412736,245.31,2.4141203328082383,0.28179989124646454,8.22884182587265,3.240000000000009
2024-11-25,245.03,250.29,246.11039251051378,7.150831355564293,249.5112108905241,243.25553236171604,245.03,4.179607489486216,0.7787891094758947,7.034467638283957,5.259999999999991
2024-11-26,243.09,249.97,244.04786360920872,7.062886143699302,244.67505155966617,240.60958585888147,243.09,5.92213639079128,5.294948440333826,9.360414141118525,6.8799999999999955
2024-11-27,240.78,249.79,241.95847595635803,7.138492503948527,241.18039371145892,239.49870196640492,240.78,7.831524043641963,8.609606288541073,10.29129803359507,9.009999999999991
2024-11-29,244.76,249.72,246.01596486952155,7.016185823380965,242.66922173797153,243.35952805623413,244.76,3.704035130478445,7.050778262028473,6.360471943765873,4.960000000000008
2024-12-02,248.55,246.25,249.30935012073257,7.031020051278176,252.25675969634207,247.31667562961582,248.55,-3.0593501207325744,-6.006759696342073,-1.0666756296158155,-2.3000000000000114
2024-12-03,250.29,244.82,251.14367406143342,7.24107826840131,251.21011589393487,249.71978231027722,250.29,-6.323674061433422,-6.390115893934876,-4.8997823102772315,-5.469999999999999
2024-12-04,249.97,243.4,251.31810083929452,7.201996325366167,251.31344603751322,248.71955415412785,249.97,-7.91810083929451,-7.913446037513211,-5.319554154127843,-6.569999999999993
2024-12-05,249.79,245.48,250.50277789350596,7.126088612116888,254.7724071805179,250.25249085754155,249.79,-5.022777893505975,-9.292407180517898,-4.772490857541555,-4.310000000000002
2024-12-06,249.72,247.36,250.77127391554416,6.698658044263709,250.35713377379813,250.62594661191105,249.72,-3.411273915544143,-2.9971337737981116,-3.2659466119110334,-2.359999999999985
2024-12-09,246.25,243.81,246.7561564646219,6.761774515062569,248.13054479765708,247.78907119840386,246.25,-2.9461564646219074,-4.320544797657078,-3.979071198403858,-2.4399999999999977
2024-12-10,244.82,242.86,245.8413938080473,7.258471467457724,247.60066832290963,245.19072055831552,244.82,-2.9813938080472724,-4.740668322909613,-2.3307205583155053,-1.9599999999999795
2024-12-11,243.4,243.53,244.4188324882137,6.977838834784933,245.3280304785818,243.40280395597222,243.4,-0.8888324882136942,-1.7980304785818078,0.12719604402778373,0.12999999999999545
2024-12-12,245.48,241.53,246.3438645985862,6.99186005998402,246.28854744333773,244.7381021565199,245.48,-4.813864598586207,-4.758547443337733,-3.2081021565198853,-3.9499999999999886
2024-12-13,247.36,239.94,248.52573819141838,6.63109643604605,248.70310493771456,246.06646573379638,247.36,-8.585738191418386,-8.763104937714559,-6.12646573379638,-7.420000000000016
2024-12-16,243.81,239.58,244.2312087033712,6.928397430703058,243.1619040591549,243.75075269937514,243.81,-4.651208703371196,-3.58190405915488,-4.170752699375129,-4.22999999999999
2024-12-17,242.86,238.36,243.34618577601157,6.981509270966058,240.73429694873283,243.29856762081386,242.86,-4.986185776011553,-2.3742969487328196,-4.938567620813842,-4.5
2024-12-18,243.53,230.37,244.65762354092675,6.968577108047896,247.30615037996324,245.54714569166305,243.53,-14.287623540926745,-16.936150379963237,-15.177145691663043,-13.159999999999997
2024-12-19,241.53,232.96,243.39985967528074,6.002111804746079,245.635025919266,246.85811294764278,241.53,-10.43985967528073,-12.675025919266005,-13.898112947642772,-8.569999999999993
2024-12-20,239.94,237.6,241.47613857778722,6.249167391657835,239.43583525923083,244.77685609012843,239.94,-3.8761385777872306,-1.8358352592308336,-7.176856090128439,-2.3400000000000034
2024-12-23,239.58,238.39,241.48873072458434,6.144905498586581,237.7075089903921,244.1286090821028,239.58,-3.0987307245843567,0.6824910096078725,-5.738609082102812,-1.1900000000000261
2024-12-24,238.36,242.31,240.17956015653908,5.9743720380216985,240.30638253632935,242.90314290106298,238.36,2.1304398434609197,2.0036174636706505,-0.5931429010629756,3.9499999999999886
2024-12-26,230.37,243.14,232.16768643228338,6.042712893001749,230.41140861731955,235.95571995377543,230.37,10.972313567716611,12.728591382680435,7.184280046224558,12.769999999999982
2024-12-27,232.96,241.17,235.04753251867368,6.133902605138729,233.23853865906597,237.43340794950723,232.96,6.122467481326311,7.931461340934021,3.73659205049276,8.20999999999998
2024-12-30,237.6,239.32,239.4151451500319,6.567341006174701,234.44242452196778,241.55737401008605,237.6,-0.09514515003189672,4.877575478032213,-2.2373740100860573,1.7199999999999989
2024-12-31,238.39,239.71,240.10204298367722,5.812775489576154,236.13460962086916,242.81978723704813,238.39,-0.39204298367721435,3.5753903791308517,-3.109787237048124,1.3200000000000216
2025-01-02,242.31,240.0,244.06626633524894,5.631102113686524,253.79191899061198,245.69736006349325,242.31,-4.06626633524894,-13.791918990611975,-5.6973600634932495,-2.3100000000000023
2025-01-03,243.14,243.28,244.98822950465606,5.752916031628843,244.23668939803727,248.3247932073474,243.14,-1.7082295046560603,-0.9566893980372697,-5.0447932073473964,0.14000000000001478
2025-01-06,241.17,240.85,243.0064437864907,5.892554181441653,242.29958915884606,246.8003663098812,241.17,-2.156443786490712,-1.4495891588460665,-5.950366309881218,-0.3199999999999932
2025-01-07,239.32,243.17,241.23107552522794,5.486161621324726,249.1434737855196,245.4870688790083,239.32,1.938924474772051,-5.973473785519616,-2.3170688790083034,3.8499999999999943
2025-01-08,239.71,243.13,241.1487549625244,5.559758165292436,245.21169101227076,244.79261088758707,239.71,1.9812450374755883,-2.081691012270767,-1.6626108875870784,3.4199999999999875
2025-01-10,240.0,239.87,241.78161115793512,6.106300594992945,245.69265432447196,243.53492050230503,240.0,-1.9116111579351127,-5.822654324471955,-3.664920502305023,-0.12999999999999545
2025-01-13,243.28,244.21,245.1081512078084,5.945489810071905,241.06166503846646,245.48714398443698,243.28,-0.8981512078083824,3.14833496153355,-1.2771439844369752,0.9300000000000068
2025-01-14,240.85,247.47,242.53168161742386,6.116324498355397,235.4937913226336,242.8451002421975,240.85,4.938318382576142,11.976208677366401,4.6248997578024955,6.6200000000000045
2025-01-15,243.17,252.35,244.93160045364868,5.755030503272991,239.64930185422298,245.03095839619635,243.17,7.41839954635131,12.700698145777011,7.31904160380364,9.180000000000007
2025-01-16,243.13,254.27,244.6134619315248,5.933588743731377,243.4156422147993,245.44698777407407,243.13,9.656538068475214,10.854357785200705,8.823012225925936,11.140000000000015
2025-01-17,239.87,259.16,241.36467798031867,6.099193457588569,240.5490136557538,243.93850499719383,239.87,17.79532201968135,18.610986344246214,15.221495002806193,19.29000000000002
2025-01-21,244.21,263.03,246.16835688916967,5.941735484115782,242.7782357246522,246.84967466145756,244.21,16.8616431108303,20.251764275347767,16.180325338542417,18.819999999999965
2025-01-22,247.47,262.84,249.01848074069247,7.28239389516412,248.69522712274454,247.91123248457907,247.47,13.821519259307507,14.144772877255434,14.928767515420901,15.369999999999976
2025-01-23,252.35,265.95,253.4707079003844,7.9874144317209925,251.7979010209441,251.1811541652679,252.35,12.479292099615577,14.152098979055893,14.768845834732076,13.599999999999994
2025-01-24,254.27,264.84,255.54946289796376,7.483412702903166,254.65652365326878,253.38479312390083,254.27,9.290537102036211,10.183476346731197,11.45520687609914,10.569999999999965
2025-01-27,259.16,265.85,260.41425564818087,7.749925763681517,259.93855793703347,258.0710133069754,259.16,5.435744351819153,5.911442062966557,7.778986693024649,6.689999999999998
2025-01-28,263.03,267.14,264.2879156567994,7.817908451557116,262.9019572805985,261.8650333905219,263.03,2.852084343200602,4.238042719401506,5.274966609478099,4.110000000000014
2025-01-29,262.84,266.58,264.44848787369205,7.957719256281848,268.60435313381254,262.83447504282,262.84,2.131512126307939,-2.0243531338125536,3.7455249571800096,3.740000000000009
2025-01-30,265.95,268.23,267.53680260043586,7.784472174793507,269.3342963571846,263.9880818277597,265.95,0.6931973995641556,-1.1042963571845803,4.241918172240332,2.2800000000000296
2025-01-31,264.84,267.3,266.1535522327478,7.632468994483361,267.2735889830812,263.47449507772916,264.84,1.146447767252198,0.026411016918814312,3.825504922270852,2.4600000000000364
2025-02-03,265.85,266.81,267.0602044004947,7.689640546068574,274.26493591219185,262.8169160604477,265.85,-0.25020440049468107,-7.454935912191843,3.9930839395523208,0.9599999999999795
2025-02-04,267.14,267.94,268.4380361582711,7.92870808817446,270.638621460162,263.3108196905255,267.14,-0.49803615827107706,-2.6986214601620304,4.6291803094745205,0.8000000000000114
2025-02-05,266.58,270.43,267.8856101986393,8.120720921829331,269.8216676038876,262.761446416676,266.58,2.544389801360694,0.6083323961124165,7.668553583324012,3.8500000000000227
2025-02-06,268.23,276.9,269.57221551957537,7.456610048264281,270.90378208827224,263.60194027036425,268.23,7.3277844804246115,5.99621791172774,13.298059729635725,8.669999999999959
2025-02-07,267.3,275.8,268.349119204469,7.28231822088361,267.28861046975476,264.5221250000596,267.3,7.45088079553102,8.511389530245253,11.277874999940423,8.5
2025-02-10,266.81,271.04,267.8037687030155,8.165301889479167,268.9461932851561,264.5009793317318,266.81,3.2362312969844993,2.093806714843936,6.539020668268222,4.230000000000018
2025-02-11,267.94,274.99,269.2432889084518,7.526583043187827,269.40864336452444,266.4404796004295,267.94,5.746711091548207,5.581356635475572,8.549520399570497,7.050000000000011
2025-02-12,270.43,275.45,271.5027919378038,7.793018225580454,273.3393996546231,269.2201489910483,270.43,3.9472080621961823,2.110600345376895,6.229851008951698,5.019999999999982
2025-02-13,276.9,276.32,278.14764186300334,7.467196365818381,277.2142296436708,274.83541754364967,276.9,-1.8276418630033504,-0.8942296436708261,1.4845824563503243,-0.5799999999999841
2025-02-14,275.8,276.59,276.48919685164003,7.455369137004027,277.4395887172595,275.2530321779847,275.8,0.10080314835994386,-0.8495887172595076,1.3369678220152537,0.7899999999999636
2025-02-18,271.04,279.95,272.0136386096943,7.948685363531126,274.43430372975763,271.7208363589644,271.04,7.936361390305706,5.515696270242358,8.229163641035598,8.909999999999968
2025-02-19,274.99,279.25,276.1457197450567,7.987824395298958,275.836147375796,275.21021068692204,274.99,3.104280254943319,3.4138526242040257,4.039789313077961,4.259999999999991
2025-02-20,275.45,266.8,277.1259681063285,7.4249129857867615,279.88658639991655,277.45695625558494,275.45,-10.325968106328503,-13.086586399916541,-10.65695625558493,-8.649999999999977
2025-02-21,276.32,264.24,277.64766116786285,7.696181794032441,276.3709971484542,276.5494771620631,276.32,-13.407661167862841,-12.130997148454185,-12.309477162063104,-12.079999999999984
2025-02-24,276.59,261.34,278.1943500907952,7.324679741486875,276.1644770124694,276.3054098960757,276.59,-16.854350090795208,-14.824477012469401,-14.965409896075698,-15.25
2025-02-25,279.95,257.4,281.5517141402466,7.487044289298353,283.09070683257653,278.893701967597,279.95,-24.15171414024661,-25.690706832576552,-21.49370196759702,-22.55000000000001
2025-02-26,279.25,258.79,280.5333129936037,7.450696730464699,279.816201344002,279.4003398604691,279.25,-21.743312993603695,-21.026201344002004,-20.610339860469082,-20.45999999999998
2025-02-27,266.8,259.05,268.7614740701765,7.763642949946188,267.05811771846845,273.4338885115087,266.8,-9.711474070176507,-8.00811771846844,-14.383888511508701,-7.75
2025-02-28,264.24,264.65,266.0638989227079,7.240767085589482,259.6223332822323,270.36867987379435,264.24,-1.413898922707915,5.027666717767659,-5.718679873794372,0.40999999999996817
2025-03-03,261.34,260.62,263.0982511423435,7.2129638004675485,258.8768531555496,269.99021036505695,261.34,-2.478251142343481,1.7431468444503935,-9.370210365056948,-0.7199999999999704
2025-03-04,257.4,250.25,259.2094446581695,7.394491469040531,255.2808971293084,266.72430661618705,257.4,-8.959444658169502,-5.030897129308414,-16.47430661618705,-7.149999999999977
2025-03-05,258.79,251.53,260.88086536769754,7.2996731279790765,255.7200041824952,266.14323514282705,258.79,-9.350865367697537,-4.190004182495187,-14.613235142827051,-7.260000000000019
2025-03-06,259.05,246.54,260.9036164770182,7.336828669756642,258.12768340454903,267.7897705632448,259.05,-14.363616477018212,-11.58768340454904,-21.249770563244823,-12.51000000000002
2025-03-07,264.65,242.28,266.34634799603833,6.795162824336444,262.54928228506816,271.5836476822197,264.65,-24.06634799603833,-20.269282285068158,-29.30364768221969,-22.369999999999976
2025-03-10,260.62,232.22,262.04659853342923,6.910533032901583,267.4330718621798,272.358779784292,260.62,-29.826598533429234,-35.21307186217982,-40.138779784291984,-28.400000000000006
2025-03-11,250.25,229.14,252.28021078017537,7.358573333546531,253.3969743287563,266.1148026388883,250.25,-23.14021078017538,-24.256974328756314,-36.97480263888832,-21.110000000000014
2025-03-12,251.53,227.9,253.5469791214075,6.915995881464312,251.08232543879654,265.45743464395406,251.53,-25.646979121407497,-23.18232543879654,-37.55743464395405,-23.629999999999995
2025-03-13,246.54,225.19,247.87753415243233,7.146454880386585,248.35137622936628,262.5666160239279,246.54,-22.687534152432335,-23.161376229366283,-37.37661602392791,-21.349999999999994
2025-03-14,242.28,232.44,244.28439326531256,7.018009773418299,232.32792398963124,255.80003780320288,242.28,-11.844393265312561,0.11207601036875303,-23.360037803202886,-9.840000000000003
2025-03-17,232.22,233.93,233.49154950405006,6.699245909973968,223.61125358525663,247.43514766335488,232.22,0.4384504959499509,10.318746414743373,-13.505147663354876,1.710000000000008
2025-03-18,229.14,234.97,230.63419675043315,6.744234050083918,226.76206408744676,244.04246410086748,229.14,4.335803249566851,8.20793591255324,-9.072464100867478,5.8300000000000125
2025-03-19,227.9,239.11,230.0394064647984,7.050911105722179,221.81730052607134,242.98012028872967,227.9,9.070593535201624,17.29269947392868,-3.8701202887296517,11.210000000000008
2025-03-20,225.19,239.01,226.877470433563,8.302493140697464,222.3927683663368,238.77307000160215,225.19,12.132529566437,16.61723163366318,0.2369299983978408,13.819999999999993
2025-03-21,232.44,241.63,233.88416701182723,8.08017926335333,230.34489267200232,241.0223013305664,232.44,7.745832988172765,11.285107327997679,0.6076986694336028,9.189999999999998
2025-03-24,233.93,248.06,235.4210600577295,7.985840414762492,234.0586008948088,244.7760956192017,233.93,12.638939942270497,14.001399105191211,3.2839043807983046,14.129999999999995
2025-03-25,234.97,251.13,236.7411218057573,7.85216539859772,241.3333580994606,244.9588188648224,234.97,14.388878194242693,9.796641900539385,6.171181135177591,16.159999999999997
2025-03-26,239.11,251.03,240.71049206137658,8.192835153341292,246.709391579628,247.78290611267093,239.11,10.319507938623417,4.320608420371997,3.247093887329072,11.919999999999987
2025-03-27,239.01,248.12,240.58256294712425,7.949634000062929,246.73902149796487,247.21393846511842,239.01,7.5374370528757595,1.3809785020351342,0.9060615348815872,9.110000000000014
2025-03-28,241.63,242.85,243.31746546804905,8.266847089529023,243.6862641197443,245.472410197258,241.63,-0.4674654680490562,-0.8362641197442997,-2.622410197258006,1.2199999999999989
2025-03-31,248.06,245.3,249.22420372888448,7.765272707939147,251.48521130770447,247.62435665607455,248.06,-3.9242037288844642,-6.1852113077044635,-2.324356656074542,-2.759999999999991
2025-04-01,251.13,243.66,252.7132153479755,8.2886294257641,258.97597266316416,246.94886314868927,251.13,-9.05321534797551,-15.31597266316416,-3.2888631486892734,-7.469999999999999
2025-04-02,251.03,245.82,252.71705840155482,8.169325240850412,247.9486997655034,245.25522983551025,251.03,-6.89705840155483,-2.1286997655033986,0.5647701644897438,-5.210000000000008
2025-04-03,248.12,228.69,249.64373831629754,8.240343500375758,249.89098562389614,243.03664405584337,248.12,-20.953738316297546,-21.200985623896145,-14.34664405584337,-19.430000000000007
2025-04-04,242.85,210.28,244.33772323235868,7.753278561830513,245.92192386507986,239.9876123714447,242.85,-34.05772323235868,-35.64192386507986,-29.707612371444696,-32.56999999999999
2025-04-07,245.3,214.44,246.82176278129222,7.940922586917878,239.30725095748903,241.0011580705643,245.3,-32.381762781292224,-24.867250957489034,-26.56115807056429,-30.860000000000014
2025-04-08,243.66,216.87,244.9581139202416,8.029288450479498,249.01539849281312,240.25026144504548,243.66,-28.088113920241597,-32.145398492813115,-23.380261445045477,-26.789999999999992
2025-04-09,245.82,234.34,247.3971316425502,7.844800379276279,247.71291434705253,241.0772723960876,245.82,-13.057131642550189,-13.372914347052529,-6.737272396087604,-11.47999999999999
2025-04-10,228.69,227.11,230.0778624153137,8.101692827939985,216.36336645841595,232.36730326652525,228.69,-2.9678624153136752,10.74663354158406,-5.257303266525241,-1.579999999999984
2025-04-11,210.28,236.2,211.95187280341983,8.232854237556438,199.77541341304777,222.4182246160507,210.28,24.248127196580157,36.424586586952216,13.781775383949281,25.919999999999987
2025-04-14,214.44,234.72,216.11179599642753,8.161863869428657,207.56312408447266,224.21616808891298,214.44,18.608204003572467,27.156875915527337,10.503831911087019,20.28
2025-04-15,216.87,233.13,218.42466649532318,8.148040723800676,210.437775927186,228.15220551013945,216.87,14.705333504676815,22.692224072813985,4.977794489860543,16.25999999999999
2025-04-16,234.34,229.61,235.9814442396164,8.307227916717522,230.6086541926861,234.9736418390274,234.34,-6.37144423961638,-0.9986541926860752,-5.3636418390273946,-4.72999999999999
2025-04-17,227.11,231.96,228.4615772919357,8.329507226943974,220.28156129956247,235.53211680889132,227.11,3.498422708064311,11.678438700437539,-3.572116808891309,4.849999999999994
2025-04-21,236.2,228.99,237.11872773632408,8.023449006080625,235.39196223273873,241.50835838317872,236.2,-8.128727736324066,-6.401962232738725,-12.518358383178708,-7.2099999999999795
2025-04-22,234.72,235.59,235.89779148802162,8.20376350998879,243.35787789821626,244.5351856184006,234.72,-0.30779148802162126,-7.7678778982162555,-8.945185618400586,0.8700000000000045
2025-04-23,233.13,240.88,234.63326011419298,7.9759330523014,248.83306976795197,245.17226130485534,233.13,6.246739885807017,-7.953069767951973,-4.292261304855344,7.75
2025-04-24,229.61,244.64,230.86426293835044,8.153521806001663,237.60694964289667,235.82249606609346,229.61,13.77573706164955,7.0330503571033205,8.817503933906522,15.029999999999973
2025-04-25,231.96,243.55,233.2090186160803,7.734569350481024,233.50220231577757,236.14685712337496,231.96,10.340981383919711,10.047797684222445,7.403142876625054,11.590000000000003
2025-04-28,228.99,243.22,230.14540631726385,7.889106286764132,231.76999728560446,227.13120908737181,228.99,13.07459368273615,11.450002714395538,16.088790912628184,14.22999999999999
2025-04-29,235.59,244.62,236.6079045802355,7.809003883600241,238.59863025486473,230.87471076965335,235.59,8.012095419764506,6.021369745135274,13.745289230346657,9.030000000000001
2025-04-30,240.88,244.62,241.88790931761264,8.14458134531975,241.19754451110958,230.90224979400634,240.88,2.7320906823873656,3.422455488890421,13.717750205993667,3.740000000000009
2025-05-01,244.64,246.89,245.75078504681588,7.9104770135879505,247.82907787680625,236.63502355098723,244.64,1.1392149531841085,-0.939077876806266,10.254976449012759,2.25
2025-05-02,243.55,252.51,244.8059932614863,8.003996024131766,248.2575971210003,237.49047726154328,243.55,7.704006738513698,4.252402878999703,15.019522738456715,8.95999999999998
2025-05-05,243.22,252.56,244.33531792715192,7.474659559726717,244.26980726778507,241.22616063117982,243.22,8.224682072848083,8.290192732214933,11.333839368820179,9.340000000000003
2025-05-06,244.62,249.25,245.77743224695325,7.628052103519451,249.26067044496537,241.84277072429657,244.62,3.4725677530467465,-0.010670444965370507,7.407229275703429,4.6299999999999955
2025-05-07,244.62,249.39,245.83183843240144,7.986397397518147,244.3893553636968,242.18055076122286,244.62,3.558161567598546,5.0006446363031785,7.209449238777125,4.769999999999982
2025-05-08,246.89,253.47,248.00125846102833,7.914295599460587,247.04286186769602,241.16223613739012,246.89,5.4687415389716705,6.4271381323039805,12.307763862609875,6.5800000000000125
2025-05-09,252.51,253.08,253.29281617872414,7.796504311561591,259.92538357853886,244.09177615404127,252.51,-0.2128161787241254,-6.8453835785388435,8.988223845958743,0.5700000000000216
2025-05-12,252.56,260.05,253.81411735370756,7.617643541097607,254.00355023160577,244.7188964986801,252.56,6.235882646292453,6.04644976839424,15.331103501319916,7.490000000000009
2025-05-13,249.25,263.01,250.07522842936217,7.833521267175655,250.6920973433554,244.13319635391233,249.25,12.934771570637821,12.317902656644577,18.876803646087666,13.759999999999991
2025-05-14,249.39,265.64,250.5363536570966,8.114480611085895,249.11931546658275,245.57720877647398,249.39,15.103646342903374,16.52068453341724,20.062791223526006,16.25
2025-05-15,253.47,267.49,254.48106389805673,7.945108832120866,253.3897466240823,249.25167799949645,253.47,13.008936101943277,14.100253375917703,18.23832200050356,14.02000000000001
2025-05-16,253.08,267.56,254.41522511497143,8.584670408964172,261.7694161295891,249.12743061542514,253.08,13.144774885028568,5.790583870410899,18.43256938457486,14.47999999999999
2025-05-19,260.05,264.88,260.581115122065,8.726152480840653,262.03728024184704,252.40831830024723,260.05,4.298884877934995,2.8427197581529526,12.471681699752764,4.829999999999984
2025-05-20,263.01,265.68,264.26146418452265,8.636403880119303,259.268968693614,254.91739047050478,263.01,1.4185358154773553,6.411031306386008,10.762609529495222,2.670000000000016
2025-05-21,265.64,261.04,267.19646929383276,9.025595369338987,269.56753474235535,257.4248846912384,265.64,-6.1564692938327426,-8.527534742355328,3.615115308761631,-4.599999999999966
2025-05-22,267.49,260.67,268.793567956239,9.070320492982887,268.8851900348067,259.14556326866153,267.49,-8.123567956238958,-8.21519003480671,1.5244367313384828,-6.819999999999993
2025-05-23,267.56,260.71,269.063623547554,8.994496461153005,269.86134075820445,260.8314606785774,267.56,-8.353623547554037,-9.15134075820447,-0.12146067857742082,-6.850000000000023
2025-05-27,264.88,265.29,265.9129051865637,9.117928572893163,266.41426171943544,258.73959389925005,264.88,-0.6229051865636848,-1.1242617194354239,6.550406100749967,0.410000000000025
2025-05-28,265.68,263.49,266.5150348439813,8.798719135522845,262.5227204293013,259.781212849617,265.68,-3.0250348439813024,0.9672795706987358,3.708787150382989,-2.1899999999999977
2025-05-29,261.04,264.37,262.3208394254744,9.01533556103709,263.2832662200928,256.9438017511368,261.04,2.049160574525615,1.086733779907206,7.426198248863216,3.329999999999984
2025-05-30,260.67,264.0,262.1635064713657,9.10483144879339,261.4493598112464,256.7944007301331,260.67,1.8364935286343211,2.5506401887536185,7.205599269866923,3.329999999999984
2025-06-02,260.71,264.66,262.2658624446392,9.16765808939931,261.1071018698811,257.4060560512542,260.71,2.394137555360828,3.5528981301189333,7.253943948745814,3.9500000000000455
2025-06-03,265.29,266.27,266.9177208268643,8.672808070182782,267.54651167571546,261.7806502771378,265.29,-0.6477208268643153,-1.2765116757154829,4.489349722862187,0.9799999999999613
2025-06-04,263.49,264.22,265.1014001333713,8.509208120107644,267.1765370094776,262.3548404073715,263.49,-0.8814001333713009,-2.956537009477586,1.8651595926285154,0.7300000000000182
2025-06-05,264.37,261.95,265.9188047589362,8.923270283937427,272.09979485034944,264.8759060001373,264.37,-3.9688047589361872,-10.149794850349451,-2.9259060001373314,-2.420000000000016
2025-06-06,264.0,265.73,265.33040064275264,9.031687526702854,263.13967484265567,265.68852829933167,264.0,0.39959935724738216,2.5903251573443526,0.04147170066835315,1.7300000000000182
2025-06-09,264.66,266.74,265.87115298017864,9.246059117317202,266.0801822060347,267.64471084594726,264.66,0.8688470198213736,0.6598177939653169,-0.9047108459472497,2.079999999999984
2025-06-10,266.27,268.6,268.152291739285,8.79814102292056,272.99871131837364,267.1267696380615,266.27,0.44770826071504644,-4.398711318373614,1.4732303619385334,2.330000000000041
2025-06-11,264.22,268.15,265.3509417583048,9.03491194128992,262.07852935135367,266.3005562591553,264.22,2.7990582416951497,6.0714706486463115,1.849443740844663,3.92999999999995
2025-06-12,261.95,268.24,263.2963476549089,9.087020678520162,262.9831038071215,263.2069249820709,261.95,4.943652345091095,5.256896192878514,5.033075017929093,6.2900000000000205
2025-06-13,265.73,264.95,267.24274857744575,9.193293664455439,265.73003338515764,265.3942484283448,265.73,-2.2927485774457637,-0.7800333851576511,-0.4442484283447925,-0.7800000000000296
2025-06-16,266.74,270.36,268.29402118980886,8.712620927095372,265.9467965471745,265.93109876155853,266.74,2.0659788101911545,4.413203452825542,4.428901238441483,3.6200000000000045
2025-06-17,268.6,269.52,269.8361497999728,8.54341734170913,273.64219077706343,266.5377472591401,268.6,-0.316149799972834,-4.122190777063452,2.9822527408599058,0.9199999999999591
2025-06-18,268.15,273.96,269.3323382084072,8.442211292982051,269.37021060585977,266.5748561477661,268.15,4.6276617915928,4.589789394140212,7.385143852233853,5.810000000000002
2025-06-20,268.24,275.0,270.10621108084916,8.966378551721618,269.1706588098407,267.3339318943024,268.24,4.893788919150836,5.829341190159312,7.6660681056976046,6.759999999999991
2025-06-23,264.95,278.27,266.26482287466524,8.777700009346006,266.2358905152976,265.98760393619534,264.95,12.00517712533474,12.034109484702356,12.28239606380464,13.319999999999993
2025-06-24,270.36,281.26,272.0031784717739,8.821692349910734,272.48538576424124,268.7330964756012,270.36,9.256821528226112,8.774614235758747,12.52690352439879,10.899999999999977
2025-06-25,269.52,284.06,271.50313731282944,8.522749816179271,271.96500300765035,268.100263633728,269.52,12.556862687170565,12.09499699234965,15.959736366272011,14.54000000000002
2025-06-26,273.96,288.75,275.57488328292965,8.779876383543012,276.30466433912517,270.0309844779968,273.96,13.175116717070352,12.445335660874832,18.71901552200319,14.79000000000002
2025-06-27,275.0,287.11,276.18399985954164,9.02363113880159,271.4669694241881,270.44585205078124,275.0,10.92600014045837,15.643030575811906,16.664147949218773,12.110000000000014
2025-06-30,278.27,289.91,280.3331057527661,9.348081623315863,281.15635965079065,273.4047159051895,278.27,9.576894247233952,8.753640349209377,16.50528409481052,11.640000000000043
2025-07-01,281.26,290.41,282.71105787739157,9.076829330921157,285.6654267919063,274.32185767173763,281.26,7.698942122608457,4.744573208093698,16.088142328262393,9.150000000000034
2025-07-02,284.06,292.0,285.6699820037186,8.62607392072681,284.1316988518834,277.429173541069,284.06,6.330017996281413,7.868301148116586,14.57082645893098,7.939999999999998
2025-07-03,288.75,296.0,289.57266305468977,8.830274448394789,294.0114628016949,278.48287569999695,288.75,6.4273369453102305,1.988537198305096,17.517124300003047,7.25
2025-07-07,287.11,291.97,288.6237312209606,9.819386231899273,282.9610912358761,278.99871506690977,287.11,3.3462687790394057,9.00890876412393,12.97128493309026,4.860000000000014
2025-07-08,289.91,282.78,291.2303923852742,9.189292516708406,289.49345676958563,279.08832034111026,289.91,-8.4503923852742,-6.713456769585662,3.6916796588897114,-7.130000000000052
2025-07-09,290.41,283.16,291.4222155803442,9.439544277191203,298.32513149619103,280.55627016067507,290.41,-8.262215580344161,-15.165131496191009,2.6037298393249557,-7.25
2025-07-10,292.0,288.19,293.7345262849331,9.39005817651747,290.85333922058345,281.5347876143456,292.0,-5.544526284933113,-2.6633392205834525,6.6552123856544085,-3.8100000000000023
2025-07-11,296.0,286.86,296.9071067433059,9.374300382137278,297.5849362683296,283.92300291776655,296.0,-10.047106743305903,-10.7249362683296,2.936997082233461,-9.139999999999986
2025-07-14,291.97,288.7,292.7051568061114,9.499426262378677,291.8754564031959,284.01498634099966,291.97,-4.005156806111415,-3.1754564031959376,4.685013659000333,-3.2700000000000387
2025-07-15,282.78,286.55,284.6264656618237,9.962067633867264,276.69196718215943,279.46711559057235,282.78,1.923534338176296,9.85803281784058,7.082884409427663,3.7700000000000387
2025-07-16,283.16,285.82,285.06132210101003,9.89143921595064,286.89214588826525,281.99037596076727,283.16,0.7586778989899585,-1.0721458882652541,3.8296240392327263,2.659999999999968
2025-07-17,288.19,289.9,290.30065548614596,9.757299658060106,294.4514873756096,286.19779186204073,288.19,-0.400655486145979,-4.551487375609611,3.7022081379592464,1.7099999999999795
2025-07-18,286.86,291.27,289.03038244489585,9.936607910916223,285.99664780788595,286.8361916606128,286.86,2.2396175551041324,5.273352192114032,4.433808339387156,4.409999999999968
2025-07-21,288.7,290.97,291.1271146337222,9.594065744727857,287.781599167916,287.83558388516303,288.7,-0.1571146337221876,3.188400832084028,3.134416114836995,2.2700000000000387
2025-07-22,286.55,291.43,288.75706147771325,9.962801790162928,283.2432643760368,288.8004980318248,286.55,2.6729385222867563,8.186735623963216,2.629501968175191,4.8799999999999955
2025-07-23,285.82,296.76,288.1043797567114,9.885665413103993,288.6500036732293,290.02416467830534,285.82,8.655620243288581,8.10999632677067,6.735835321694651,10.939999999999998
2025-07-24,289.9,296.55,292.1682830188144,9.690583275668303,301.0203497125953,292.58873147785664,289.9,4.381716981185605,-4.470349712595294,3.9612685221433708,6.650000000000034
2025-07-25,291.27,298.62,293.13179474174507,9.854650679975748,292.66844491396097,293.43336971789597,291.27,5.488205258254936,5.951555086039036,5.1866302821040335,7.350000000000023
2025-07-28,290.97,298.28,292.96340384908956,9.938268557973174,290.6680035271915,291.2954868231714,290.97,5.316596150910414,7.611996472808471,6.984513176828557,7.309999999999945
2025-07-29,291.43,297.04,293.75059905726465,9.463569655530137,296.136788243372,291.32837383002044,291.43,3.2894009427353694,0.9032117566280249,5.711626169979581,5.610000000000014
2025-07-30,296.76,299.63,298.90195868317034,9.82186036672448,298.93570375535637,293.25437496766443,296.76,0.7280413168296604,0.694296244643624,6.375625032335563,2.8700000000000045
2025-07-31,296.55,296.24,298.76899596439677,9.267370766885563,302.87274353237825,293.0644113305211,296.55,-2.5289959643967563,-6.632743532378242,3.175588669478884,-0.3100000000000023
2025-08-01,298.62,289.37,300.7846084158029,9.178251486457896,305.74537135940045,293.24151260152456,298.62,-11.414608415802888,-16.375371359400447,-3.8715126015245573,-9.25
2025-08-04,298.28,294.26,300.3381973650865,9.867049876339706,300.0289616928389,293.2372474722564,298.28,-6.07819736508651,-5.7689616928389,1.0227525277435916,-4.019999999999982
2025-08-05,297.04,291.37,298.9643089404703,9.608545501083086,299.4142139751092,293.409233673364,297.04,-7.594308940470285,-8.044213975109187,-2.039233673363981,-5.670000000000016
2025-08-06,299.63,291.35,301.43129741470796,9.766068960502764,300.9206753679784,294.17940341487525,299.63,-10.081297414707933,-9.570675367978367,-2.8294034148752303,-8.279999999999973
2025-08-07,296.24,286.94,298.55437434575526,10.010756933242078,291.55352459233256,293.7536701764167,296.24,-11.614374345755266,-4.613524592332567,-6.813670176416679,-9.300000000000011
2025-08-08,289.37,288.76,291.1222541405633,9.711119190119177,283.4417316374555,289.57373379185793,289.37,-2.362254140563323,5.318268362544472,-0.8137337918579419,-0.6100000000000136
2025-08-11,294.26,289.56,296.3118226523511,9.761732273474365,297.7939793364797,292.90254094138743,294.26,-6.751822652351109,-8.233979336479706,-3.3425409413874263,-4.699999999999989
2025-08-12,291.37,292.85,293.4759744524118,9.749522218927723,290.31380188782236,293.42764939680694,291.37,-0.6259744524117536,2.536198112177658,-0.577649396806919,1.4800000000000182
2025-08-13,291.35,290.53,293.3179784880579,9.683232936263096,290.2673264168203,293.7747167134285,291.35,-2.787978488057945,0.2626735831796623,-3.244716713428545,-0.82000000000005
2025-08-14,286.94,294.16,288.4780495470017,9.700874711275048,290.9292951703071,292.7306097698211,286.94,5.681950452998308,3.230704829692911,1.4293902301789103,7.220000000000027
2025-08-15,288.76,290.49,290.40740992933513,9.566023102998713,291.58607283562424,294.7850239253044,288.76,0.08259007066487811,-1.096072835624227,-4.295023925304406,1.7300000000000182
2025-08-18,289.56,291.53,291.420506901741,9.265299130082212,300.68840265274054,295.63613336086274,289.56,0.1094930982589517,-9.158402652740563,-4.106133360862771,1.9699999999999704
2025-08-19,292.85,290.66,294.53678738243883,9.646965664625213,299.08620810568334,298.0814590978623,292.85,-3.876787382438806,-8.426208105683315,-7.421459097862282,-2.1899999999999977
2025-08-20,290.53,292.24,292.51678561955686,9.873075593113924,287.9943996742367,295.0490352296829,290.53,-0.276785619556847,4.2456003257632915,-2.809035229682877,1.7100000000000364
2025-08-21,294.16,291.47,295.8208863873035,9.467464484572417,299.0793649196625,296.9768827080727,294.16,-4.35088638730349,-7.609364919662482,-5.5068827080726805,-2.6899999999999977
2025-08-22,290.49,296.24,291.8432226303965,9.461629205942188,291.9329448615015,294.1354132819176,290.49,4.396777369603512,4.3070551384985265,2.1045867180824303,5.75
2025-08-25,291.53,294.9,293.26042200334365,9.595859903097164,294.7668964746594,294.4971468734741,291.53,1.6395779966563282,0.13310352534057301,0.40285312652588345,3.3700000000000045
2025-08-26,290.66,298.57,292.53031575895847,9.597685896158225,295.55507590532306,292.0751887106896,290.66,6.0396842410415275,3.0149240946769282,6.494811289310405,7.909999999999968
2025-08-27,292.24,299.28,294.01739930294457,9.843754994273183,289.4075508847833,292.96973222494125,292.24,5.2626006970554045,9.872449115216682,6.310267775058719,7.039999999999964
2025-08-28,291.47,301.07,293.26495818264783,9.207195259332707,294.416693546772,291.1511529541016,291.47,7.805041817352162,6.6533064532279695,9.918847045898417,9.599999999999966
2025-08-29,296.24,301.42,297.5672866171598,9.068194752335557,300.30143797010186,294.2226083302498,296.24,3.852713382840193,1.1185620298981576,7.197391669750232,5.180000000000007
2025-09-02,294.9,299.7,296.8383697074651,9.625591074824342,294.6288629931211,292.94769377708434,294.9,2.861630292534869,5.071137006878871,6.752306222915649,4.800000000000011
2025-09-03,298.57,299.51,300.16083525888627,9.442416782975215,303.1533904629946,295.654322617054,298.57,-0.6508352588862749,-3.643390462994603,3.8556773829459985,0.9399999999999977
2025-09-04,299.28,303.82,300.7748719984293,9.475373753309213,298.8808003039658,295.77528003454205,299.28,3.0451280015706743,4.939199696034166,8.044719965457944,4.5400000000000205
2025-09-05,301.07,294.38,303.06655785128476,9.26814650356772,302.8823767603189,297.5943085479737,301.07,-8.68655785128476,-8.502376760318896,-3.214308547973701,-6.689999999999998
2025-09-08,301.42,292.91,303.18529038794344,9.572799851894388,304.23321235179907,296.60697621345525,301.42,-10.275290387943414,-11.323212351799043,-3.6969762134552298,-8.509999999999991
2025-09-09,299.7,297.85,301.49282575249674,9.716576598286622,299.3878796443343,296.70522074460985,299.7,-3.6428257524967194,-1.5378796443342821,1.1447792553901763,-1.849999999999966
2025-09-10,299.51,300.54,301.34735144056384,9.475208421945581,302.11348125040536,295.3523423910141,299.51,-0.8073514405638207,-1.5734812504053366,5.187657608985944,1.0300000000000296
2025-09-11,303.82,305.56,306.1274941493105,10.124118556268513,304.28775325387716,298.45131836801767,303.82,-0.5674941493105052,1.2722467461228462,7.108681631982336,1.740000000000009
2025-09-12,294.38,306.91,296.53043156035244,9.8530612885952,290.06589250789955,294.41296310454607,294.38,10.379568439647585,16.844107492100477,12.49703689545396,12.53000000000003
2025-09-15,292.91,308.9,295.05254131144846,10.093359966762364,291.1401028816728,293.80257077500227,292.91,13.847458688551512,17.75989711832716,15.097429224997711,15.989999999999952
2025-09-16,297.85,309.19,300.5488093471155,9.864788187667727,299.5784058800433,297.3039976716042,297.85,8.641190652884518,9.611594119956692,11.886002328395818,11.339999999999975
2025-09-17,300.54,311.75,302.7640102856886,10.18626626394689,300.68160494518,300.5914212474227,300.54,8.985989714311415,11.068395054819973,11.158578752577284,11.20999999999998
2025-09-18,305.56,313.23,308.0987961175293,10.22153289988637,308.9578241686709,302.2366562126577,305.56,5.131203882470743,4.272175831329093,10.993343787342326,7.670000000000016
2025-09-19,306.91,314.78,309.32370460134933,9.902908549644053,309.12847447752955,304.466784555316,306.91,5.456295398650639,5.651525522470422,10.313215444683976,7.869999999999948
2025-09-22,308.9,312.44,310.9853199008852,9.997409383766353,311.0011298233643,305.0633479632437,308.9,1.4546800991147961,1.438870176635703,7.3766520367562975,3.5400000000000205
2025-09-23,309.19,312.74,311.49144574469886,10.459456119686365,312.373354747016,306.51644636183977,309.19,1.2485542553011442,0.3666452529840285,6.22355363816024,3.5500000000000114
2025-09-24,311.75,313.42,314.0902078447398,10.316669867374003,313.9974580120761,306.9066057279706,311.75,-0.6702078447397639,-0.5774580120760788,6.513394272029416,1.670000000000016
2025-09-25,313.23,313.45,315.5591644854471,10.433134583756328,315.3028013380431,306.1823634500802,313.23,-2.1091644854471383,-1.8528013380430934,7.267636549919814,0.21999999999997044
2025-09-26,314.78,316.06,317.1783792518265,10.405695844441652,305.9668056533858,306.1887620191276,314.78,-1.118379251826525,10.093194346614212,9.871237980872422,1.2800000000000296
2025-09-29,312.44,315.69,314.82941803830676,9.98911442887038,309.44195949617773,304.4579928280413,312.44,0.8605819616932422,6.248040503822267,11.232007171958685,3.25
2025-09-30,312.74,315.43,315.21619512979873,10.548962232656777,319.0648311812058,305.35880911514164,312.74,0.21380487020127248,-3.6348311812058114,10.071190884858368,2.6899999999999977
2025-10-01,313.42,310.71,315.9652085940633,10.334500283934176,306.8756037914008,306.25968470804395,313.42,-5.255208594063333,3.8343962085991734,4.450315291956031,-2.7100000000000364
2025-10-02,313.45,307.55,315.6294349448755,10.249870259314775,318.28324836520477,308.32268287315964,313.45,-8.079434944875516,-10.733248365204759,-0.7726828731596243,-5.899999999999977
2025-10-03,316.06,310.03,318.7352287426498,10.301777247339487,320.8538748858869,310.3669744221866,316.06,-8.705228742649808,-10.823874885886937,-0.33697442218664264,-6.03000000000003
2025-10-06,315.69,309.18,317.6810262071062,10.299661473371089,315.19155716447625,312.181667509079,315.69,-8.501026207106179,-6.011557164476244,-3.0016675090789704,-6.509999999999991
2025-10-07,315.43,307.69,317.64395218581893,10.794728294946253,322.51320070197806,312.78939452052117,315.43,-9.953952185818935,-14.823200701978067,-5.099394520521173,-7.740000000000009
2025-10-08,310.71,304.03,313.2953548212908,10.496292071416974,309.0811577489739,312.0578479683399,310.71,-9.265354821290828,-5.051157748973935,-8.027847968339927,-6.680000000000007
2025-10-09,307.55,305.53,309.5081581143244,9.30985467791561,310.1068144943286,314.61869598254566,307.55,-3.978158114324401,-4.57681449432863,-9.088695982545687,-2.0200000000000387
2025-10-10,310.03,300.89,312.01074248365586,9.108950586617084,312.11519506935025,316.63253625929354,310.03,-11.120742483655874,-11.225195069350264,-15.742536259293558,-9.139999999999986
2025-10-13,309.18,307.97,311.2554175226763,9.415404176004245,309.8019140578481,317.5522095055878,309.18,-3.285417522676255,-1.8319140578480528,-9.582209505587798,-1.2099999999999795
2025-10-14,307.69,302.08,309.88043326328506,9.154591547474297,309.3214609375084,316.3143487252295,307.69,-7.800433263285072,-7.241460937508407,-14.234348725229495,-5.610000000000014
2025-10-15,304.03,305.69,306.0709765308955,9.244189340658522,307.14964701610614,315.4152810180187,304.03,-0.3809765308955093,-1.4596470161061461,-9.725281018018677,1.660000000000025
2025-10-16,305.53,298.54,308.16933924159963,9.183948680348692,314.0322440183535,316.5099458646774,305.53,-9.62933924159961,-15.49224401835346,-17.969945864677356,-6.989999999999952
2025-10-17,300.89,297.56,303.06491067315454,9.066433934010547,304.58885864306245,315.45246639803054,300.89,-5.504910673154541,-7.028858643062449,-17.892466398030535,-3.329999999999984
2025-10-20,307.97,302.36,309.9147837922769,9.290165363736435,309.9826378108235,318.21603419795633,307.97,-7.554783792276908,-7.622637810823505,-15.856034197956319,-5.610000000000014
2025-10-21,302.08,297.09,304.19825037800706,9.49801170911644,298.24683186171575,314.9903980317712,302.08,-7.108250378007085,-1.156831861715773,-17.900398031771203,-4.990000000000009
2025-10-22,305.69,294.11,308.07836686144583,9.326841940619147,305.5929075164488,315.42655935510993,305.69,-13.968366861445816,-11.48290751644879,-21.316559355109916,-11.579999999999984
2025-10-23,298.54,294.54,300.80877806036733,9.374820499308385,303.31478115269914,311.25568965241314,298.54,-6.2687780603673104,-8.77478115269912,-16.71568965241312,-4.0
2025-10-24,297.56,300.44,299.7377004090417,8.735948937572573,296.52015215539836,311.0007290282845,297.56,0.7022995909583187,3.919847844601634,-10.560729028284527,2.8799999999999955
2025-10-27,302.36,304.15,304.2996653984487,8.865037046521877,306.9545852782391,311.0057927073538,302.36,-0.1496653984487466,-2.8045852782391307,-6.855792707353828,1.7899999999999636
2025-10-28,297.09,305.36,299.19135790264227,9.402905963286798,303.3731524032726,310.5752707499265,297.09,6.168642097357747,1.9868475967273866,-5.215270749926503,8.270000000000039
2025-10-29,294.11,305.51,296.09453765113375,8.914715409167115,297.98630470498466,305.3641051383317,294.11,9.415462348866242,7.5236952950153295,0.14589486166829602,11.399999999999977
2025-10-30,294.54,309.44,296.1909652081877,8.856571337021876,306.22065208155664,307.7563078798354,294.54,13.249034791812278,3.2193479184433613,1.6836921201646078,14.899999999999977
2025-10-31,300.44,311.12,302.6100821522344,8.96114308044315,309.25831937987357,309.05930907592176,300.44,8.509917847765621,1.8616806201264353,2.0606909240782443,10.680000000000007
2025-11-03,304.15,309.35,305.87523635406046,8.889989384822513,309.211399450507,310.99649290680884,304.15,3.4747636459395608,0.13860054949304867,-1.6464929068088168,5.2000000000000455
2025-11-04,305.36,309.25,307.2659077572497,8.950587640777258,313.5336028438434,309.8135608226061,305.36,1.9840922427503074,-4.2836028438434255,-0.5635608226061208,3.8899999999999864
2025-11-05,305.51,311.68,307.45795904566063,9.140901022702508,304.34585411359086,307.7467068745196,305.51,4.222040954339377,7.334145886409146,3.933293125480418,6.170000000000016
2025-11-06,309.44,313.42,310.80646737907546,10.69928814742724,310.0009405713948,306.39135702818635,309.44,2.613532620924559,3.4190594286052374,7.028642971813667,3.980000000000018
2025-11-07,311.12,314.21,312.236579787354,10.51023859668527,314.7376496518217,305.9413410186768,311.12,1.9734202126459763,-0.5276496518217186,8.268658981323199,3.089999999999975
2025-11-10,309.35,316.89,310.6224193570763,10.87562100920826,305.8364018634148,304.19479537412525,309.35,6.26758064292369,11.053598136585208,12.695204625874737,7.539999999999964
2025-11-11,309.25,315.62,311.1113826907473,10.479356048964007,307.23443492592315,302.1648800903559,309.25,4.508617309252713,8.385565074076851,13.455119909644111,6.3700000000000045
2025-11-12,311.68,320.41,313.0610646292427,10.759252528362083,309.7107006994448,303.6254177230596,311.68,7.348935370757317,10.699299300555197,16.784582276940398,8.730000000000018
2025-11-13,313.42,309.48,315.26836424984504,10.585843133442097,311.7528979209438,304.80697676971556,313.42,-5.788364249845017,-2.2728979209437625,4.673023230284457,-3.9399999999999977
2025-11-14,314.21,303.61,315.90701275039464,10.411595103256445,314.9889748411905,305.72640483945605,314.21,-12.297012750394629,-11.378974841190484,-2.116404839456038,-10.599999999999966
2025-11-17,316.89,300.37,318.3892982407986,9.962074844203869,318.81845244816043,307.66266468092806,316.89,-18.019298240798605,-18.448452448160424,-7.2926646809280555,-16.519999999999982
2025-11-18,315.62,299.41,317.00080304557923,10.543831033594927,318.495804505283,309.14289849579336,315.62,-17.590803045579207,-19.085804505282965,-9.732898495793336,-16.20999999999998
2025-11-19,320.41,303.27,322.01625975182753,10.612492336556329,318.4316812065524,312.4483142136038,320.41,-18.74625975182755,-15.16168120655243,-9.178314213603812,-17.140000000000043
2025-11-20,309.48,298.38,310.53084072661125,10.721900928467505,305.542223868873,309.65475748151545,309.48,-12.15084072661125,-7.1622238688730135,-11.27475748151545,-11.100000000000023
2025-11-21,303.61,298.02,305.1531433857186,9.960784560740024,304.7841634630365,307.25191080182793,303.61,-7.133143385718597,-6.764163463036539,-9.23191080182795,-5.590000000000032
2025-11-24,300.37,298.0,301.6636719275592,10.319072863496842,297.6712457521446,307.0187709268928,300.37,-3.6636719275592213,0.328754247855386,-9.018770926892785,-2.3700000000000045
2025-11-25,299.41,303.0,301.1156975484593,10.781573354601903,301.0267774725007,308.7204385875166,299.41,1.884302451540691,1.9732225274992743,-5.720438587516583,3.589999999999975
2025-11-26,303.27,307.64,304.79540835623163,10.283422047272325,308.0045707470737,309.3005086308718,303.27,2.8445916437683536,-0.36457074707374204,-1.6605086308717887,4.3700000000000045
2025-11-28,298.38,313.08,299.50142177934293,10.25675227016211,299.0985931020509,309.5025256164372,298.38,13.57857822065705,13.981406897949057,3.5774743835627874,14.699999999999989
2025-12-01,298.02,308.92,300.1725570264924,10.096703236363851,301.02892928123475,308.4927949036658,298.02,8.747442973507589,7.891070718765263,0.42720509633420534,10.900000000000034
2025-12-02,298.0,307.88,299.53946162014734,10.382166451253,305.3737960969098,311.4817359414697,298.0,8.34053837985266,2.5062039030901815,-3.6017359414697125,9.879999999999995
2025-12-03,303.0,312.13,304.2057556911558,10.32310732614252,312.8020483438298,313.39214092046024,303.0,7.924244308844209,-0.6720483438298288,-1.26214092046024,9.129999999999995
2025-12-04,307.64,316.1,309.48182723000645,10.7560792344064,312.31194301337,313.77111351191996,307.64,6.618172769993578,3.7880569866300107,2.328886488080059,8.460000000000036
2025-12-05,313.08,315.04,315.22262360652905,9.855269912704784,320.07637356504796,314.92633045136927,313.08,-0.18262360652903453,-5.036373565047938,0.11366954863075307,1.9600000000000364
2025-12-08,308.92,315.21,310.0093349513691,10.043152044340957,310.04888451753186,309.2976963463426,308.92,5.200665048630867,5.161115482468119,5.912303653657375,6.289999999999964
2025-12-09,307.88,300.51,309.7464294683654,9.749155727624895,305.99990415615963,307.0000656309724,307.88,-9.23642946836543,-5.489904156159639,-6.490065630972424,-7.3700000000000045
2025-12-10,312.13,310.11,314.0895415560156,9.865402393713566,320.1156618440151,306.5745082581043,312.13,-3.9795415560155902,-10.005661844015094,3.5354917418957257,-2.019999999999982
2025-12-11,316.1,317.38,318.0417109937687,10.27489445351057,316.5911534430087,308.2263332433999,316.1,-0.6617109937686791,0.7888465569913024,9.153666756600103,1.2799999999999727
2025-12-12,315.04,318.52,317.0896144720167,9.974277266561955,313.9158246859722,305.60139575243,315.04,1.430385527983276,4.604175314027771,12.918604247569988,3.4799999999999613
2025-12-15,315.21,320.02,317.0897772742156,9.414507984742556,314.4229876225628,305.852748400718,315.21,2.930222725784404,5.597012377437181,14.167251599281997,4.810000000000002
2025-12-16,300.51,315.55,301.71758789650164,10.017720253989069,284.45631579354404,299.8597604304552,300.51,13.83241210349837,31.093684206455976,15.690239569544815,15.04000000000002
2025-12-17,310.11,314.98,311.42532219299113,10.559681506231414,304.42463492881507,305.8389411485195,310.11,3.5546778070088862,10.555365071184951,9.141058851480523,4.8700000000000045
2025-12-18,317.38,313.0,319.0931422053277,10.158766301795879,323.01575087100264,312.49348305791614,317.38,-6.093142205327695,-10.015750871002638,0.5065169420838629,-4.3799999999999955
2025-12-19,318.52,317.21,319.9858359458018,10.242831833735067,319.25086768668143,313.9968501201272,318.52,-2.7758359458018163,-2.0408676866814517,3.2131498798727876,-1.3100000000000023
2025-12-22,320.02,323.09,321.76285296212876,9.905090766102091,317.4446936102956,313.23510189026587,320.02,1.3271470378712138,5.645306389704388,9.854898109734108,3.069999999999993
2025-12-23,315.55,325.93,317.48429463314824,9.907933119237384,315.0775917464495,314.54016192615035,315.55,8.445705366851769,10.852408253550493,11.38983807384966,10.379999999999995
2025-12-24,314.98,329.17,316.8276205400843,9.66765767514704,319.0684413972311,313.06111883342265,314.98,12.342379459915719,10.101558602768932,16.108881166577362,14.189999999999998
2025-12-26,313.0,327.91,314.6316735324636,10.215271764248541,318.1716774644703,314.7816196113825,313.0,13.27832646753643,9.738322535529733,13.12838038861753,14.910000000000025
2025-12-29,317.21,323.75,318.6882397448271,10.42030959844584,316.63807701934127,314.6511651164293,317.21,5.061760255172885,7.111922980658733,9.098834883570703,6.5400000000000205
2025-12-30,323.09,323.42,325.84918492652474,9.79913493216037,322.2780346203223,317.38857025563715,323.09,-2.4291849265247265,1.1419653796777425,6.0314297443628675,0.3300000000000409
2025-12-31,325.93,322.22,327.63720951519906,10.061606425419427,331.44649304348974,318.8330047437549,325.93,-5.417209515199033,-9.226493043489711,3.386995256245143,-3.7099999999999795
2026-01-02,329.17,325.48,331.3256820978783,9.946798862442392,331.5838908083737,319.6319831070304,329.17,-5.845682097878296,-6.103890808373706,5.848016892969611,-3.6899999999999977
2026-01-05,327.91,334.04,330.1726074590721,10.027341828495253,335.18055706702177,320.46722362115986,327.91,3.8673925409279377,-1.1405570670217458,13.57277637884016,6.1299999999999955
2026-01-06,323.75,334.61,325.98071521911766,9.42557935602963,324.3198654823005,321.4695054039359,323.75,8.629284780882358,10.290134517699528,13.140494596064116,10.860000000000014
2026-01-07,323.42,326.99,325.53985987145455,9.524791487678897,323.3772853655089,322.9084555101395,323.42,1.4501401285454563,3.6127146344911125,4.081544489860505,3.569999999999993
2026-01-08,322.22,329.79,324.64111471462996,8.908455996587861,336.55682261109354,322.87207769572734,322.22,5.148885285370056,-6.766822611093517,6.917922304272679,7.569999999999993
2026-01-09,325.48,329.19,328.01690788643435,9.139047215506423,323.045790781565,324.0486743587255,325.48,1.1730921135656445,6.14420921843498,5.141325641274477,3.7099999999999795
2026-01-12,334.04,324.49,336.30117297736933,9.615000697970402,322.8236014512927,328.25632501482966,334.04,-11.811172977369324,1.6663985487073205,-3.766325014829647,-9.550000000000011
2026-01-13,334.61,310.9,337.1001061694138,9.676399119943369,332.8540689275507,329.34457155376674,334.61,-26.2001061694138,-21.954068927550736,-18.444571553766764,-23.710000000000036
2026-01-14,326.99,307.87,329.59469156326725,9.358601035922788,323.12966755960133,326.9000551277399,326.99,-21.724691563267243,-15.259667559601326,-19.0300551277399,-19.120000000000005
2026-01-15,329.79,309.26,332.15401435704905,9.362791359424591,326.50100798640403,329.7863506951929,329.79,-22.89401435704906,-17.241007986404043,-20.52635069519289,-20.53000000000003
2026-01-16,329.19,312.47,331.3695341820456,9.625017772242416,334.8020059477165,331.73505068063736,329.19,-18.899534182045556,-22.332005947716482,-19.26505068063733,-16.71999999999997
2026-01-20,324.49,302.74,327.4196265169978,9.662873652577389,321.5251332120597,330.05686842888593,324.49,-24.679626516997814,-18.78513321205969,-27.316868428885925,-21.75
2026-01-21,310.9,302.04,313.5090330840088,9.989059583470237,299.08091896809634,323.92868877798315,310.9,-11.4690330840088,2.959081031903679,-21.888688777983134,-8.859999999999957
2026-01-22,307.87,303.63,310.35442238746214,9.176334306225158,306.3191510121618,323.51846175163985,307.87,-6.724422387462141,-2.689151012161801,-19.888461751639852,-4.240000000000009
2026-01-23,309.26,297.72,311.17340094055044,9.050177180767093,310.59680589538993,326.3037757074833,309.26,-13.45340094055041,-12.876805895389907,-28.583775707483255,-11.539999999999964
2026-01-26,312.47,301.04,314.9801331180893,10.002869959920645,317.1837914882973,330.40729173839094,312.47,-13.940133118089307,-16.143791488297268,-29.367291738390918,-11.430000000000007
2026-01-27,302.74,300.31,305.20329334462065,9.15729888230561,307.2974792562053,325.89745563954114,302.74,-4.893293344620645,-6.98747925620529,-25.587455639541133,-2.430000000000007
2026-01-28,302.04,300.77,304.0771826236602,9.239449382573412,307.3970107743144,326.5596131721139,302.04,-3.3071826236601964,-6.627010774314442,-25.789613172113945,-1.2700000000000387
2026-01-29,303.63,306.42,306.0353189744242,9.056437980756186,314.8711948960275,327.9926478090882,303.63,0.38468102557584416,-8.45119489602746,-21.57264780908821,2.7900000000000205
2026-01-30,297.72,305.89,299.370530782342,8.964498744905029,312.2264021438361,326.51738833457233,297.72,6.519469217658013,-6.3364021438360965,-20.627388334572345,8.169999999999959
2026-02-02,301.04,308.14,302.6182867869362,9.420816128701006,316.94842637717727,323.3936746561527,301.04,5.5217132130637765,-8.808426377177284,-15.253674656152725,7.099999999999966
2026-02-03,300.31,314.85,302.7096033073403,9.192423955351103,305.91251806378364,321.32442916244264,300.31,12.140396692659749,8.937481936216386,-6.474429162442618,14.54000000000002
2026-02-04,300.77,317.27,303.4895397862233,9.692954689189776,306.0545865494385,314.35400424927474,300.77,13.780460213776678,11.21541345056147,2.9159957507252443,16.5
2026-02-05,306.42,310.16,308.55467337943617,10.072509421035647,312.34282967582345,314.767107989192,306.42,1.6053266205638579,-2.1828296758234274,-4.607107989192002,3.740000000000009
2026-02-06,305.89,322.4,308.6060700333118,9.357883484959643,305.4292630006885,311.811527043581,305.89,13.793929966688154,16.970736999311498,10.588472956418968,16.50999999999999
2026-02-09,308.14,322.1,310.9032781284861,9.584634839966895,311.42349223308264,308.9709199503064,308.14,11.196721871513944,10.676507766917382,13.129080049693641,13.960000000000036
2026-02-10,314.85,318.28,317.3128111085482,9.846597120612842,315.420701854378,311.162061432004,314.85,0.9671888914517695,2.859298145621949,7.117938567995964,3.42999999999995
2026-02-11,317.27,310.82,319.79741411628197,9.63932651542126,315.87252273165615,310.03656496554606,317.27,-8.977414116281977,-5.052522731656154,0.7834350344539303,-6.449999999999989
2026-02-12,310.16,302.64,313.1866720460169,9.544282607361708,312.3958822410554,304.8226940777898,310.16,-10.546672046016909,-9.755882241055417,-2.1826940777897903,-7.520000000000039
2026-02-13,322.4,302.55,324.44987341013734,9.621110640391692,313.7435944657773,308.41460672095417,322.4,-21.89987341013733,-11.193594465777267,-5.864606720954157,-19.849999999999966
2026-02-17,322.1,307.13,324.35814235918224,9.891027158498787,315.67185179829596,308.9424473409355,322.1,-17.228142359182243,-8.541851798295966,-1.8124473409354778,-14.970000000000027
2026-02-18,318.28,308.78,320.8366955480538,10.124221403896797,322.03212834134695,306.66886899054043,318.28,-12.056695548053824,-13.252128341346975,2.111131009459541,-9.5
2026-02-19,310.82,308.05,313.34415727347135,10.016901078447688,304.6860285308957,303.25505449920894,310.82,-5.294157273471342,3.3639714691042855,4.794945500791073,-2.769999999999982
2026-02-20,302.64,310.79,305.3665569045953,9.414159924760497,295.99074937827885,303.1022393658757,302.64,5.423443095404707,14.799250621721171,7.687760634124345,8.150000000000034
2026-02-23,302.55,297.67,304.9639820647985,9.44435330398386,303.487039641086,304.9016979941726,302.55,-7.293982064798456,-5.817039641086012,-7.231697994172578,-4.8799999999999955
2026-02-24,307.13,297.3,309.8941402570717,9.956333923265333,310.88026564016934,312.24926080733536,307.13,-12.594140257071672,-13.58026564016933,-14.94926080733535,-9.829999999999984
2026-02-25,308.78,303.3,311.2647206591815,9.252031505033358,314.2669775278121,312.9416016620398,308.78,-7.9647206591814665,-10.966977527812105,-9.641601662039761,-5.479999999999961
2026-02-26,308.05,306.13,310.37501605838537,9.742773555144709,315.0154404757545,314.49862532883884,308.05,-4.245016058385374,-8.885440475754478,-8.368625328838846,-1.920000000000016
2026-02-27,310.79,300.3,313.83438684813683,9.162343911677567,315.379222160168,316.6564808675647,310.79,-13.534386848136819,-15.079222160168001,-16.3564808675647,-10.490000000000009
2026-03-02,297.67,297.56,299.9403860010021,9.50227953486143,297.04344319964764,312.71063657015566,297.67,-2.38038600100208,0.5165568003523617,-15.150636570155655,-0.11000000000001364
2026-03-03,297.3,300.26,299.90467583565044,9.512642907798238,301.78115088086577,311.67539214283227,297.3,0.35532416434955394,-1.5211508808657754,-11.415392142832275,2.9599999999999795
2026-03-04,303.3,299.39,306.1435465475172,9.727175530418776,308.92819408524787,314.05931859999896,303.3,-6.753546547517203,-9.53819408524788,-14.669318599998974,-3.910000000000025
2026-03-05,306.13,293.55,308.22546606303194,10.113404941484305,309.37798737613485,314.56312786519527,306.13,-14.675466063031934,-15.827987376134843,-21.01312786519526,-12.579999999999984
2026-03-06,300.3,289.48,301.72747530517165,10.661165994703765,292.74363802760837,308.09935637533664,300.3,-12.247475305171633,-3.2636380276083514,-18.619356375336622,-10.819999999999993
2026-03-09,297.56,289.92,299.6346479388699,10.160230480209009,296.25405034549533,305.9482762023806,297.56,-9.71464793886986,-6.334050345495314,-16.028276202380596,-7.639999999999986
2026-03-10,300.26,288.73,302.2339110454544,10.081704410463601,308.4924836935848,305.9723801025748,300.26,-13.503911045454402,-19.762483693584784,-17.24238010257477,-11.529999999999973
2026-03-11,299.39,287.52,301.22546979215923,10.23616806656122,303.0355374689772,307.8957606253028,299.39,-13.70546979215925,-15.515537468977243,-20.375760625302803,-11.870000000000005
2026-03-12,293.55,282.89,295.68929145720784,10.453089897111056,299.42005524009465,304.02148512005806,293.55,-12.799291457207858,-16.53005524009467,-21.131485120058073,-10.660000000000025
2026-03-13,289.48,283.44,291.2774789738004,10.320208822563245,286.2236467252486,301.8291424456239,289.48,-7.837478973800387,-2.783646725248616,-18.389142445623918,-6.0400000000000205
2026-03-16,289.92,286.16,291.5088096383959,10.00478827670213,287.8706427395344,301.7069842645526,289.92,-5.348809638395892,-1.7106427395343644,-15.546984264552577,-3.759999999999991
2026-03-17,288.73,286.89,290.692563749915,9.930077807679822,301.33756706237796,302.05720320314174,288.73,-3.8025637499150093,-14.44756706237797,-15.167203203141753,-1.8400000000000318
2026-03-18,287.52,287.74,289.3989409479778,9.88059666119517,292.7374637559056,300.9002062812447,287.52,-1.6589409479777828,-4.997463755905585,-13.160206281244712,0.22000000000002728
2026-03-19,282.89,287.97,284.7168099622335,10.312213681191224,281.6827202803828,298.07274304986,282.89,3.253190037766501,6.287279719617231,-10.102743049859953,5.080000000000041
2026-03-20,283.44,286.56,285.30795457701197,9.421128273084776,289.36946502435956,298.5077170568705,283.44,1.252045422988033,-2.809465024359554,-11.947717056870488,3.1200000000000045
2026-03-23,286.16,289.91,287.888771415921,9.442972010374035,298.4032663428784,299.95557186275727,286.16,2.02122858407904,-8.493266342878371,-10.045571862757242,3.75
2026-03-24,286.89,292.4,288.8776682630833,9.886175325363865,293.712237980999,299.0987014892697,286.89,3.5223317369166693,-1.3122379809990434,-6.698701489269695,5.509999999999991
2026-03-25,287.74,295.42,289.5841026150156,9.613539221584801,292.6414170655608,296.4053278309107,287.74,5.835897384984435,2.778582934439214,-0.9853278309107054,7.680000000000007
2026-03-26,287.97,291.66,289.7063710217178,9.938640359714611,289.60576929475184,294.8773910087347,287.97,1.953628978282211,2.0542307052481874,-3.217391008734694,3.6899999999999977
2026-03-27,286.56,282.84,288.55185789860786,9.95420691989358,281.36217064578085,292.3125498408079,286.56,-5.711857898607889,1.477829354219125,-9.472549840807915,-3.7200000000000273
2026-03-30,289.91,283.77,291.48212097381247,9.767572862207885,291.61661631071945,292.2284630420804,289.91,-7.712120973812489,-7.846616310719469,-8.458463042080439,-6.140000000000043
2026-03-31,292.4,294.16,293.94816517881117,10.188055627867584,296.52066445106635,291.4101715019345,292.4,0.21183482118885877,-2.3606644510663273,2.74982849806554,1.7600000000000477
2026-04-01,295.42,295.38,297.3268174877297,10.091157409176219,286.3930039833486,290.76549572229385,295.42,-1.9468174877297315,8.986996016651403,4.614504277706146,-0.040000000000020464
2026-04-02,291.66,294.6,293.3329837254156,10.51790266849099,290.54446958817545,288.4308271118999,291.66,1.267016274584421,4.055530411824577,6.1691728881001495,2.9399999999999977
2026-04-06,282.84,295.45,284.78168033681806,10.56698211759334,285.75703645432367,284.9445544663071,282.84,10.668319663181933,9.69296354567632,10.505445533692864,12.610000000000014
2026-04-07,283.77,297.4,285.58359537693667,10.09294144898655,279.6948151916638,285.59048414617774,283.77,11.816404623063306,17.705184808336185,11.809515853822234,13.629999999999995
2026-04-08,294.16,307.97,295.8873691459466,10.211912047341457,299.07322099033746,291.23538714498284,294.16,12.082630854053434,8.896779009662566,16.73461285501719,13.810000000000002
2026-04-09,295.38,310.33,296.9875802071672,10.190007478594794,297.07336672111416,291.7435542118549,295.38,13.3424197928328,13.256633278885829,18.586445788145056,14.949999999999989
2026-04-10,294.6,309.87,296.47926870367496,10.401361133158218,296.11616560349245,290.6400567167998,294.6,13.390731296325043,13.753834396507557,19.229943283200214,15.269999999999982
2026-04-13,295.45,313.68,297.6484392991196,10.332375114038598,298.46559521447864,291.2207495620846,295.45,16.03156070088039,15.214404785521367,22.459250437915387,18.230000000000018
2026-04-14,297.4,311.12,299.0781221481319,10.147779958993226,296.3153449614532,293.6573508778214,297.4,12.041877851868094,14.804655038546798,17.462649122178618,13.720000000000027
2026-04-15,307.97,305.93,309.7705695789214,10.76149175137283,309.37591789525936,297.86342810928824,307.97,-3.840569578921418,-3.445917895259356,8.06657189071177,-2.0400000000000205
2026-04-16,310.33,309.95,312.5919330504723,10.722370831370313,312.38917275697924,298.129051375091,310.33,-2.6419330504722893,-2.4391727569792465,11.820948624908965,-0.37999999999999545
2026-04-17,309.87,310.29,311.6934842907265,10.777917293682663,311.44788147684187,295.2714822667837,309.87,-1.4034842907264533,-1.157881476841851,15.0185177332163,0.4200000000000159
2026-04-20,313.68,316.99,315.43254550316374,10.046701150834565,307.535902190879,296.2894421337545,313.68,1.5574544968362716,9.45409780912098,20.700557866245504,3.3100000000000023
2026-04-21,311.12,313.0,312.0759160093963,10.23923585988581,300.2092823907733,296.5224681559205,311.12,0.9240839906037195,12.790717609226704,16.47753184407952,1.8799999999999955
2026-04-22,305.93,313.02,307.58450184386226,11.245444801077213,300.37555881273,294.5304156276584,305.93,5.435498156137726,12.64444118726999,18.489584372341596,7.089999999999975
2026-04-23,309.95,311.69,311.72198089159093,10.529908490777018,305.6248235978931,297.62853376984594,309.95,-0.031980891590933425,6.065176402106886,14.061466230154053,1.740000000000009
2026-04-24,310.29,308.28,311.93725568980915,10.781723455041629,303.12678544372324,299.9093005859852,310.29,-3.657255689809176,5.153214556276737,8.37069941401478,-2.0100000000000477
2026-04-27,316.99,311.63,319.01789542411456,10.545465611591908,309.67968396719544,304.4365708370507,316.99,-7.387895424114561,1.950316032804551,7.193429162949315,-5.360000000000014
2026-04-28,313.0,311.45,314.4602002693992,10.438924558088218,311.5531715075299,305.16656542271375,313.0,-3.0102002693992063,-0.10317150752990756,6.283434577286243,-1.5500000000000114
2026-04-29,313.02,309.25,314.1656831493415,10.855864415764813,315.4830887831747,306.8319053149223,313.02,-4.915683149341476,-6.233088783174708,2.4180946850776763,-3.769999999999982
2026-04-30,311.69,313.23,313.7962649577391,10.950457331985206,314.32525465557353,308.8593318915367,311.69,-0.5662649577390653,-1.0952546555735125,4.370668108463292,1.5400000000000205
2026-05-01,308.28,312.47,310.30456647505054,10.332555510774228,311.6056064803153,310.4710693845153,308.28,2.165433524949492,0.864393519684711,1.99893061548471,4.190000000000055
2026-05-04,311.63,307.65,313.4309641967807,10.51225373350087,312.06940397094934,311.41351972192524,311.63,-5.780964196780701,-4.419403970949361,-3.763519721925263,-3.980000000000018
2026-05-05,311.45,309.4,313.5615318606887,10.293945365250124,308.1399181271345,312.98363655537366,311.45,-4.16153186068874,1.2600818728654986,-3.583636555373687,-2.0500000000000114
2026-05-06,309.25,314.9,311.357705116272,10.113794053047911,311.1333370695915,310.67871277958153,309.25,3.5422948837280046,3.766662930408472,4.221287220418446,5.649999999999977
2026-05-07,313.23,306.27,315.034726307774,10.53821513116361,310.1673500800133,313.46648333936935,313.23,-8.764726307774026,-3.897350080013325,-7.196483339369365,-6.960000000000036
2026-05-08,312.47,302.1,314.7598334508389,10.454612781181936,309.76515494380146,313.56563328117136,312.47,-12.659833450838903,-7.66515494380144,-11.465633281171336,-10.370000000000005
2026-05-11,307.65,300.0,310.0883314288408,10.367075265198935,309.15960301672106,311.9261074411869,307.65,-10.088331428840775,-9.159603016721064,-11.9261074411869,-7.649999999999977
2026-05-12,309.4,304.88,311.28316571891304,10.270222145691548,306.33718279350546,313.13964950203894,309.4,-6.403165718913044,-1.457182793505467,-8.25964950203894,-4.519999999999982
2026-05-13,314.9,300.25,317.0272164129186,10.678112799674295,314.30737633692564,315.34565125674004,314.9,-16.77721641291862,-14.057376336925643,-15.095651256740041,-14.649999999999977
2026-05-14,306.27,299.91,308.45127237342297,10.561367793604745,304.45364203584376,311.86327210903164,306.27,-8.541272373422942,-4.543642035843732,-11.953272109031616,-6.359999999999957
2026-05-15,302.1,297.81,304.1948522421625,10.645734732076562,301.1419205407985,309.209443743229,302.1,-6.384852242162481,-3.331920540798478,-11.399443743228971,-4.2900000000000205
2026-05-18,300.0,300.73,302.10253771995195,9.882326162457446,297.8095096942503,308.99122082680464,300.0,-1.3725377199519357,2.920490305749695,-8.261220826804617,0.7300000000000182
2026-05-19,304.88,295.7,306.8840442487318,9.870034012794463,302.6884787059296,312.0728919169307,304.88,-11.184044248731823,-6.9884787059295945,-16.372891916930712,-9.180000000000007
2026-05-20,300.25,301.98,302.6168607593328,10.424983666166668,302.400640457077,310.6912078353763,300.25,-0.6368607593327624,-0.4206404570769564,-8.711207835376285,1.7300000000000182
2026-05-21,299.91,303.0,302.0416408526246,9.849981657043088,300.57447918332184,310.3332185050846,299.91,0.9583591473754041,2.4255208166781586,-7.333218505084574,3.089999999999975
2026-05-22,297.81,306.38,299.9133350840118,10.002650785148091,297.7671960236784,308.6295459380746,297.81,6.46666491598819,8.612803976321572,-2.2495459380746183,8.569999999999993
2026-05-26,300.73,306.74,302.90390717850073,9.873093415573237,304.94531688772145,311.2623207727075,300.73,3.836092821499278,1.7946831122785625,-4.522320772707474,6.009999999999991
2026-05-27,295.7,299.28,297.5352734009456,9.887076260223978,301.5168340077996,308.2627112042904,295.7,1.7447265990543883,-2.2368340077996436,-8.98271120429041,3.579999999999984
2026-05-28,301.98,296.73,303.8974837069307,10.221040961220865,302.460004642373,309.80889948725707,301.98,-7.167483706930682,-5.73000464237299,-13.078899487257047,-5.25
2026-05-29,303.0,299.31,305.0585387463588,10.346780632436264,304.10160813642665,307.6903486895561,303.0,-5.748538746358804,-4.791608136426646,-8.380348689556115,-3.6899999999999977
2026-06-01,306.38,296.58,308.71157956287266,9.830499858409212,310.3840696882084,308.89904743105177,306.38,-12.131579562872673,-13.804069688208415,-12.319047431051786,-9.800000000000011
2026-06-02,306.74,300.96,308.8580810750276,10.078470903858545,305.4040089138132,305.57297156423334,306.74,-7.898081075027619,-4.444008913813207,-4.612971564233362,-5.78000000000003
2026-06-03,299.28,300.85,301.4047404152807,9.743176301345216,292.7408600846305,301.2006840446591,299.28,-0.5547404152806621,8.109139915369497,-0.35068404465909,1.57000000000005
2026-06-04,296.73,310.89,299.2847069886886,9.85456289507448,294.36187174383554,297.964152802527,296.73,11.605293011311403,16.52812825616445,12.92584719747299,14.159999999999968
2026-06-05,299.31,312.37,301.3347205202282,10.233558606803399,294.9350015854836,302.04587591677904,299.31,11.035279479771816,17.43499841451643,10.324124083220966,13.060000000000002
2026-06-08,296.58,311.11,299.1409293650463,9.991227056980108,293.9041568655148,300.33606560498475,296.58,11.96907063495371,17.205843134485235,10.77393439501526,14.53000000000003
2026-06-09,300.96,312.7,303.63379348145793,9.913831613287357,303.31553299803284,302.69247990608216,300.96,9.06620651854206,9.384467001967153,10.007520093917833,11.740000000000009
2026-06-10,300.85,309.14,303.3702653712221,9.868308706805124,296.42027634784586,302.896089142859,300.85,5.769734628777883,12.71972365215413,6.243910857140975,8.289999999999964
2026-06-11,310.89,313.49,312.9744901802484,10.136473698467,309.72463879191315,307.39226252049207,310.89,0.5155098197516281,3.7653612080868584,6.097737479507941,2.6000000000000227
2026-06-12,312.37,320.72,314.85249192044137,10.077235395982882,315.4836193395406,307.96105763226745,312.37,5.867508079558661,5.236380660459417,12.758942367732573,8.350000000000023
2026-06-15,311.11,319.4,313.5778527777829,10.33985738329585,314.09386059686545,305.59736942708497,311.11,5.822147222217097,5.306139403134523,13.802630572915007,8.289999999999964
2026-06-16,312.7,331.14,315.1684694829024,9.63487742848696,309.45512577857824,304.0459029147029,312.7,15.971530517097563,21.68487422142175,27.094097085297108,18.439999999999998
2026-06-17,309.14,333.46,311.2730955635104,9.553352787420181,301.72405853200706,302.9591232819855,309.14,22.186904436489556,31.735941467992916,30.500876718014467,24.319999999999993
2026-06-18,313.49,325.22,316.1988963788189,10.540048465430743,311.47020184593276,302.97588251650336,313.49,9.021103621181112,13.749798154067264,22.244117483496666,11.730000000000018
2026-06-22,320.72,331.48,323.00142795933414,10.03597069151698,311.77738141000276,307.3985820782185,320.72,8.478572040665881,19.702618589997257,24.081417921781508,10.759999999999991
2026-06-23,319.4,334.14,321.64234269915147,10.318887311592675,314.9181259589642,305.0135679964721,319.4,12.497657300848516,19.22187404103579,29.126432003527896,14.740000000000009
2026-06-24,331.14,333.45,333.67887402867893,10.113082954287563,324.60932299893346,310.49366282477973,331.14,-0.2288740286789448,8.840677001066524,22.956337175220256,2.3100000000000023
2026-06-25,333.46,335.12,335.0685372538026,10.40280745349827,320.98762350991365,312.9161596351862,333.46,0.05146274619738733,14.132376490086358,22.2038403648138,1.660000000000025
2026-06-26,325.22,329.05,327.04196809287185,10.799245012402537,315.6507146148384,308.58377527922397,325.22,2.0080319071281565,13.39928538516159,20.46622472077604,3.829999999999984
2026-06-29,331.48,329.39,334.07909087857234,10.536819154098623,323.0059378080815,312.80239533022046,331.48,-4.689090878572358,6.384062191918474,16.587604669779523,-2.090000000000032
2026-06-30,334.14,327.33,336.4853883036971,10.301663618609325,336.26546947505324,321.8974468535185,334.14,-9.155388303697123,-8.935469475053253,5.432553146481496,-6.810000000000002
2026-07-01,333.45,334.07,335.8445228157565,10.28809295952317,329.92960490025575,320.6644044335186,333.45,-1.7745228157564839,4.140395099744239,13.405595566481395,0.6200000000000045
2026-07-02,335.12,334.47,337.7263460786827,10.588963250070833,331.3433838506043,321.9564753699303,335.12,-3.256346078682668,3.1266161493957156,12.513524630069753,-0.6499999999999773
2026-07-06,329.05,337.72,331.6484941009991,10.397411283701672,324.1635091910884,320.6538702467084,329.05,6.071505899000954,13.556490808911633,17.066129753291648,8.670000000000016
2026-07-07,329.39,339.22,331.84768946692344,10.44241397634147,332.19315157556906,322.3717824664712,329.39,7.372310533076586,7.026848424430966,16.84821753352884,9.830000000000041
2026-07-08,327.33,330.62,330.18425760369746,10.643052903860792,338.94542696893217,325.249639672637,327.33,0.43574239630254397,-8.325426968932163,5.3703603273630165,3.2900000000000205
2026-07-09,334.07,335.47,336.6807739270479,10.451986540332427,327.4592237018422,329.5998192334175,334.07,-1.2107739270478532,8.01077629815785,5.870180766582507,1.400000000000034
2026-07-10,334.47,336.47,336.6801694133133,9.8907922232151,332.39824889708314,331.5246247392893,334.47,-0.21016941331328098,4.071751102916892,4.945375260710705,2.0
2026-07-13,337.72,334.53,340.1524926577509,10.651529452800787,344.92681550335146,334.46624281257397,337.72,-5.622492657750911,-10.39681550335149,0.06375718742600611,-3.1900000000000546
2026-07-14,339.22,342.89,341.82201734364037,10.329707969278047,339.9278770529665,335.6913433590531,339.22,1.067982656359618,2.9621229470334924,7.198656640946865,3.669999999999959
2026-07-15,330.62,346.91,333.3190277858824,10.920568110048748,333.71423875186593,333.8205611267686,330.62,13.590972214117642,13.19576124813409,13.089438873231416,16.29000000000002
2026-07-16,335.47,343.15,337.7431165992655,10.226423496380448,332.25489648405465,333.8374305185676,335.47,5.4068834007345,10.895103515945323,9.312569481432377,7.67999999999995
2026-07-17,336.47,341.1,338.89989053972073,10.150599182397116,341.65926837541167,336.46112699776893,336.47,2.200109460279293,-0.5592683754116479,4.638873002231094,4.6299999999999955
2026-07-20,334.53,338.87,337.2398875120468,10.707096891477704,341.59863212823865,333.47130609691135,334.53,1.6301124879532267,-2.728632128238644,5.398693903088656,4.340000000000032
2026-07-21,342.89,345.23,345.3590940541588,10.403185028061273,335.63460952911527,336.4326317223907,342.89,-0.12909405415877018,9.595390470884752,8.797368277609337,2.340000000000032
2026-07-22,346.91,348.21,349.3992979641445,10.650107255279977,346.81971090938896,339.7921908825636,346.91,-1.1892979641445436,1.3902890906110201,8.417809117436377,1.2999999999999545
2026-07-23,343.15,349.9,345.825699184183,10.524282629787933,346.14849370881916,337.552196996212,343.15,4.074300815816969,3.7515062911808172,12.347803003787988,6.75
2026-07-24,341.1,353.21,343.1552656468656,10.314607084393515,344.48235488832,338.01449003785854,341.1,10.054734353134393,8.727645111679976,15.195509962141443,12.109999999999957
2026-07-27,338.87,356.2,341.3843434812874,10.665635009184484,346.45062061365695,337.5623711875081,338.87,14.815656518712615,9.749379386343037,18.63762881249187,17.329999999999984
2026-07-28,345.23,357.31,347.65048552444205,10.38012151516972,345.902412313316,340.7244866448641,345.23,9.659514475557955,11.407587686683996,16.5855133551359,12.079999999999984
